THE CS Rank 2025,University Name,Country
1,University of Oxford,United Kingdom
2,University of Cambridge,United Kingdom
3,Massachusetts Institute of Technology,United States
4,ETH Zurich,Switzerland
5,Stanford University,United States
6,Carnegie Mellon University,United States
6,Princeton University,United States
8,Imperial College London,United Kingdom
8,"University of California, Berkeley",United States
10,Harvard University,United States
11,National University of SingaporeSingapore,Explore
12,Peking University,China
13,Tsinghua University,China
14,Technical University of MunichGermany,Explore
15,California Institute of Technology,United States
16,Cornell University,United States
17,"University of California, Los Angeles",United States
18,University of Washington,United States
19,"Nanyang Technological University, SingaporeSingapore",Explore
20,École Polytechnique Fédérale de Lausanne,Switzerland
21,University of Illinois at Urbana-Champaign,United States
22,Georgia Institute of Technology,United States
23,University of Toronto,Canada
24,Yale University,United States
25,Johns Hopkins University,United States
26,Columbia University,United States
27,New York University,United States
28,The Hong Kong University of Science and TechnologyHong Kong,Explore
29,University of Edinburgh,United Kingdom
30,The Chinese University of Hong KongHong Kong,Explore
31,University of Texas at Austin,United States
32,Zhejiang UniversityChina,Explore
33,Shanghai Jiao Tong University,China
34,UCLUnited Kingdom,
35,"University of California, San Diego",United States
36,University of Pennsylvania,United States
37,The University of Tokyo,Japan
38,Paris Sciences et Lettres – PSL Research University Paris,France
39,Korea Advanced Institute of Science and Technology (KAIST)South Korea,
40,The University of Chicago,United States
41,University of Michigan-Ann Arbor,United States
42,Institut Polytechnique de Paris,France
43,University of Waterloo,Canada
44,KU LeuvenBelgium,Explore
45,Delft University of Technology,Netherlands
46,Université de MontréalCanada,Explore
47,Purdue University West Lafayette,United States
48,University of Massachusetts,United States
49,Seoul National University,South Korea
50,University of Melbourne,Australia
51,University of British Columbia,Canada
52,University of Science and Technology of ChinaChina,Explore
53,University of Hong KongHong Kong,Explore
54,Université Paris-Saclay,France
55,LMU MunichGermany,Explore
56,"University of Maryland, College Park",United States
57,City University of Hong KongHong Kong,Explore
57,Duke University,United States
58,Fudan University,China
60,RWTH Aachen University,Germany
61,Monash University,Australia
62,"University of California, Santa Barbara",United States
63,University of Wisconsin-Madison,United States
64,University of Southern California,United States
65,Technical University of Berlin,Germany
66,Nanjing University,China
67,Kyoto University,Japan
68,University of ManchesterUnited Kingdom,Explore
69,KTH Royal Institute of TechnologySweden,Explore
69,The University of Sydney,Australia
71,Brown University,United States
72,University of Amsterdam,Netherlands
73,Technical University of Darmstadt,Germany
74,The Hong Kong Polytechnic UniversityHong Kong,Explore
75,"University of California, Irvine",United States
76,McGill UniversityCanada,Explore
77,Sorbonne University,France
78,Karlsruhe Institute of Technology,Germany
79,TU Wien,Austria
80,University of AlbertaCanada,Explore
81,Australian National UniversityAustralia,Explore
82,Eindhoven University of Technology,Netherlands
83,University of Technology Sydney,Australia
84,UNSW SydneyAustralia,Explore
85,Northwestern University,United States
86,Sungkyunkwan University (SKKU)South Korea,Explore
86,University of Tübingen,Germany
88,Aalto University,Finland
88,Politecnico di MilanoItaly,Explore
90,Tokyo Institute of Technology,Japan
91,King’s College London,United Kingdom
92,University of AdelaideAustralia,Explore
93,Michigan State University,United States
94,University of BolognaItaly,Explore
95,University of Bonn,Germany
96,Indian Institute of Science,India
96,Korea UniversitySouth Korea,Explore
97,Yonsei University (Seoul campus)South Korea,
98,Aarhus University,Denmark
98,Harbin Institute of Technology,China
100,"Northeastern University, USUnited States",
101,Bauman Moscow State Technical University,Russian Federation
101,Boston University,United States
101,National Taiwan University (NTU)Taiwan,
101,Penn State (Main campus)United States,
101,Qatar University,Qatar
101,Rice University,United States
101,Sapienza University of Rome,Italy
101,Stony Brook University,United States
101,Technical University of Denmark,Denmark
101,Technion Israel Institute of Technology,Israel
101,Tel Aviv University,Israel
101,Texas A&M University,United States
101,The University of QueenslandAustralia,Explore
101,Tohoku University,Japan
101,Universität HeidelbergGermany,Explore
101,University College Dublin,Ireland
101,University of BristolUnited Kingdom,Explore
101,"University of California, Davis",United States
101,University of Electronic Science and Technology of China,China
101,University of Freiburg,Germany
101,University of North Carolina at Chapel Hill,United States
101,University of Warwick,United Kingdom
101,Virginia Polytechnic Institute and State UniversityUnited States,Explore
101,Wuhan University,China
126,Beihang University,China
126,Chalmers University of Technology,Sweden
126,Huazhong University of Science and TechnologyChina,Explore
126,King Fahd University of Petroleum and MineralsSaudi Arabia,Explore
126,Kyung Hee UniversitySouth Korea,Explore
126,Lebanese American University,Lebanon
126,Linköping University,Sweden
126,Macquarie University,Australia
126,Pohang University of Science and Technology (POSTECH)South Korea,
126,Queen Mary University of London,United Kingdom
126,Ruhr University Bochum,Germany
126,Simon Fraser UniversityCanada,Explore
126,"University of California, Riverside",United States
126,University of Copenhagen,Denmark
126,University of Erlangen-NurembergGermany,Explore
126,University of Groningen,Netherlands
126,University of Illinois Chicago,United States
126,University of MacauMacao,Explore
126,University of Notre Dame,United States
126,University of Oslo,Norway
126,University of OuluFinland,Explore
126,University of Rochester,United States
126,University of Stuttgart,Germany
126,University of Surrey,United Kingdom
126,University of Vienna,Austria
126,University of Virginia (Main campus)United States,
151,Deakin University,Australia
151,Free University of Berlin,Germany
151,Hong Kong Baptist University,Hong Kong
151,Lomonosov Moscow State University,Russian Federation
151,Macau University of Science and TechnologyMacao,Explore
151,North Carolina State University,United States
151,Ohio State University (Main campus)United States,
151,The University of Osaka,Japan
151,Prince Mohammad Bin Fahd UniversitySaudi Arabia,Explore
151,Radboud University NijmegenNetherlands,Explore
151,Sharif University of Technology,Iran
151,Swinburne University of TechnologyAustralia,Explore
151,TU Dresden,Germany
151,University at Buffalo,United States
151,University of Auckland,New Zealand
151,University of Colorado Boulder,United States
151,University of Florida,United States
151,University of GlasgowUnited Kingdom,Explore
151,University of Luxembourg,Luxembourg
151,University of Sheffield,United Kingdom
151,University of Southampton,United Kingdom
151,University of Twente,Netherlands
151,University of Würzburg,Germany
151,Vrije Universiteit Amsterdam,Netherlands
176,Aalborg University,Denmark
176,Arizona State University (Tempe)United States,Explore
176,Beijing Institute of TechnologyChina,Explore
176,Graz University of Technology,Austria
176,Johannes Kepler University of Linz,Austria
176,Khalifa UniversityUnited Arab Emirates,Explore
176,King Saud University,Saudi Arabia
176,Northwestern Polytechnical UniversityChina,Explore
176,Norwegian University of Science and Technology,Norway
176,Queensland University of TechnologyAustralia,Explore
176,Rutgers University–New Brunswick,United States
176,Sejong University,South Korea
176,Southern University of Science and Technology (SUSTech)China,
176,Stevens Institute of Technology,United States
176,Sun Yat-sen University,China
176,Tianjin University,China
176,Trinity College Dublin,Ireland
176,Université Grenoble Alpes,France
176,University of Birmingham,United Kingdom
176,University of Helsinki,Finland
176,University of LiverpoolUnited Kingdom,Explore
176,University of Mannheim,Germany
176,University of Trento,Italy
176,University of Warsaw,Poland
176,Vanderbilt University,United States
201,Al Ain University,United Arab Emirates
201,"Asia University, Taiwan",Taiwan
201,Brunel University of London,United Kingdom
201,Cardiff UniversityUnited Kingdom,Explore
201,Case Western Reserve University,United States
201,École Normale Supérieure de Lyon,France
201,Griffith University,Australia
201,Humboldt University of Berlin,Germany
201,Indiana University,United States
201,Iowa State University,United States
201,King Abdulaziz UniversitySaudi Arabia,Explore
201,Lancaster University,United Kingdom
201,Loughborough University,United Kingdom
201,Louisiana State University,United States
201,Moscow Institute of Physics and Technology (MIPT)Russian Federation,
201,Nagoya University,Japan
201,National Tsing Hua University,Taiwan
201,National Yang Ming Chiao Tung University (NYCU)Taiwan,
201,Newcastle UniversityUnited Kingdom,Explore
201,Paderborn University,Germany
201,RMIT University,Australia
201,Sant’Anna School of Advanced Studies – PisaItaly,Explore
201,Shenzhen University,China
201,Swansea University,United Kingdom
201,Tongji University,China
201,Université Catholique de Louvain,Belgium
201,Université du Québec,Canada
201,Universiti Sains Malaysia,Malaysia
201,Universiti Teknologi Petronas,Malaysia
201,University of Basel,Switzerland
201,"University of California, Santa Cruz",United States
201,University of Central Florida,United States
201,University of Essex,United Kingdom
201,University of Klagenfurt,Austria
201,University of Leeds,United Kingdom
201,University of Leicester,United Kingdom
201,University of Malaya,Malaysia
201,University of Minnesota,United States
201,University of Nottingham,United Kingdom
201,University of Ottawa,Canada
201,University of Padua,Italy
201,University of SharjahUnited Arab Emirates,Explore
201,University of South AustraliaAustralia,Explore
201,University of Tehran,Iran
201,University of Victoria,Canada
201,University of York,United Kingdom
201,Washington University in St Louis,United States
201,Xiamen University,China
201,Xi’an Jiaotong University,China
201,Xidian University,China
201,York UniversityCanada,Explore
251,American University of the Middle EastKuwait,Explore
251,Amirkabir University of Technology,Iran
251,Cairo University,Egypt
251,Concordia University,Canada
251,Dalian University of Technology,China
251,Dartmouth College,United States
251,Florida Atlantic University,United States
251,George Washington University,United States
251,Hanyang UniversitySouth Korea,Explore
251,Hebrew University of Jerusalem,Israel
251,Hunan University,China
251,Istanbul Technical University,Turkey
251,King Khalid University,Saudi Arabia
251,La Trobe University,Australia
251,Lehigh University,United States
251,Leibniz University Hannover,Germany
251,Lund University,Sweden
251,McMaster UniversityCanada,Explore
251,Middle East Technical University,Turkey
251,Nankai University,China
251,Near East University,Northern Cyprus
251,New Jersey Institute of Technology,United States
251,Rensselaer Polytechnic Institute,United States
251,Southeast University,China
251,SUNY Binghamton University,United States
251,Tampere University,Finland
251,Temple University,United States
251,The University of Texas at San Antonio,United States
251,The University of Western Australia,Australia
251,TU Dortmund University,Germany
251,Ulm University,Germany
251,Ulsan National Institute of Science and Technology (UNIST)South Korea,Explore
251,Università della Svizzera italiana,Switzerland
251,Université Paris CitéFrance,Explore
251,University of Bern,Switzerland
251,University of Bradford,United Kingdom
251,University of Delaware,United States
251,University of Galway,Ireland
251,University of Geneva,Switzerland
251,University of Granada,Spain
251,University of Kaiserslautern,Germany
251,University of Konstanz,Germany
251,University of NewcastleAustralia,Explore
251,University of Pisa,Italy
251,University of Pittsburgh-Pittsburgh campus,United States
251,University of Potsdam,Germany
251,University of Wollongong,Australia
251,Uppsala University,Sweden
251,Waseda UniversityJapan,Explore
251,Western UniversityCanada,Explore
251,Yeungnam University,South Korea
301,Abu Dhabi UniversityUnited Arab Emirates,Explore
301,Ajman University,United Arab Emirates
301,"Amity University, Noida",India
301,Aston University,United Kingdom
301,Aswan University,Egypt
301,Bar-Ilan University,Israel
301,Beijing Normal University,China
301,Carleton University,Canada
301,Charles Darwin University,Australia
301,Chung-Ang UniversitySouth Korea,Explore
301,"City, University of London",United Kingdom
301,Curtin UniversityAustralia,Explore
301,De Montfort University,United Kingdom
301,Dublin City University,Ireland
301,Durham University,United Kingdom
301,East China Normal University,China
301,Florida International University,United States
301,Free University of Bozen-BolzanoItaly,Explore
301,George Mason University,United States
301,Gwangju Institute of Science and Technology (GIST)South Korea,
301,Heriot-Watt University,United Kingdom
301,Illinois Institute of Technology,United States
301,IMT Atlantique,France
301,Iran University of Science and Technology,Iran
301,ITMO University,Russian Federation
301,Jamia Millia Islamia,India
301,Keio University,Japan
301,Kyungpook National University (KNU)South Korea,Explore
301,Kyushu University,Japan
301,LUT UniversityFinland,Explore
301,Memorial University of NewfoundlandCanada,Explore
301,Mississippi State University,United States
301,Missouri University of Science and Technology,United States
301,National Taiwan University of Science and Technology (Taiwan Tech)Taiwan,
301,National University of Sciences and Technology,Pakistan
301,Northumbria University,United Kingdom
301,Pontifical Catholic University of Rio de Janeiro (PUC-Rio)Brazil,
301,Prince Sultan University (PSU)Saudi Arabia,Explore
301,Qassim UniversitySaudi Arabia,Explore
301,Queen’s UniversityCanada,Explore
301,Queen’s University BelfastUnited Kingdom,Explore
301,"Royal Holloway, University of London",United Kingdom
301,Sichuan University,China
301,South China University of Technology,China
301,Symbiosis International UniversityIndia,Explore
301,The University of JordanJordan,Explore
301,Toronto Metropolitan UniversityCanada,Explore
301,TU Braunschweig,Germany
301,United Arab Emirates UniversityUnited Arab Emirates,Explore
301,Universitat Politècnica de Catalunya,Spain
301,Université Laval,Canada
301,Université Libre de Bruxelles,Belgium
301,Universiti Kebangsaan Malaysia,Malaysia
301,Universiti Teknologi Malaysia,Malaysia
301,University of Aberdeen,United Kingdom
301,University of Antwerp,Belgium
301,University of Bath,United Kingdom
301,University of Bremen,Germany
301,University of Calgary,Canada
301,University of Campinas,Brazil
301,University of Córdoba,Spain
301,University of Crete,Greece
301,University of Duisburg-Essen,Germany
301,"University of Engineering and Technology, Taxila",Pakistan
301,University of Exeter,United Kingdom
301,University of Georgia (USA)United States,
301,University of Göttingen,Germany
301,University of Guelph,Canada
301,University of Innsbruck,Austria
301,University of Iowa,United States
301,University of Jaén,Spain
301,University of Kentucky,United States
301,University of Liège,Belgium
301,"University of Maryland, Baltimore County",United States
301,University of Naples Federico IIItaly,
301,University of Nebraska-Lincoln,United States
301,University of New Brunswick UNBCanada,
301,University of Oregon,United States
301,University of Porto,Portugal
301,University of Reading,United Kingdom
301,University of Salford,United Kingdom
301,University of São Paulo,Brazil
301,University of SaskatchewanCanada,Explore
301,University of Southern Queensland,Australia
301,University of St Gallen,Switzerland
301,University of Strathclyde,United Kingdom
301,University of TartuEstonia,Explore
301,University of Texas at Arlington,United States
301,University of Utah,United States
301,University of Windsor,Canada
301,UPESIndia,
301,Victoria University,Australia
301,Victoria University of Wellington,New Zealand
301,Vrije Universiteit Brussel,Belgium
301,Washington State University,United States
301,Wayne State University,United States
301,William & Mary,United States
301,Worcester Polytechnic Institute,United States
301,Zayed University,United Arab Emirates
401,Al-Ahliyya Amman UniversityJordan,Explore
401,Al-Balqa Applied University,Jordan
401,Aligarh Muslim University,India
401,Aristotle University of Thessaloniki,Greece
401,Ben-Gurion University of the Negev,Israel
401,Benha University,Egypt
401,Boğaziçi University,Turkey
401,Carlos III University of MadridSpain,Explore
401,Centrale Nantes,France
401,Charles University,Czechia
401,Chongqing University,China
401,Chulalongkorn UniversityThailand,Explore
401,COMSATS University Islamabad,Pakistan
401,Daegu Gyeongbuk Institute of Science and Technology (DGIST)South Korea,
401,Dalhousie UniversityCanada,Explore
401,École Nationale des Ponts et Chaussées - Institut Polytechnique de Paris,France
401,Edinburgh Napier University,United Kingdom
401,Edith Cowan UniversityAustralia,Explore
401,Federation University Australia,Australia
401,Flinders University,Australia
401,Friedrich Schiller University JenaGermany,Explore
401,Hasselt University,Belgium
401,Imam Abdulrahman Bin Faisal University,Saudi Arabia
401,Imam Mohammad Ibn Saud Islamic University,Saudi Arabia
401,Indian Institute of Technology Indore,India
401,"International Institute of Information Technology, Hyderabad",India
401,Isfahan University of Technology,Iran
401,Jahangirnagar University,Bangladesh
401,Jeju National University,South Korea
401,KIIT UniversityIndia,Explore
401,King Faisal University,Saudi Arabia
401,Liverpool John Moores University,United Kingdom
401,Maastricht UniversityNetherlands,Explore
401,Majmaah University,Saudi Arabia
401,Manchester Metropolitan University,United Kingdom
401,Mansoura University,Egypt
401,Murdoch University,Australia
401,Nanjing University of Aeronautics and Astronautics,China
401,Nanjing University of Information Science and Technology,China
401,National Taiwan Normal UniversityTaiwan,Explore
401,"Northeastern University, China",China
401,Nottingham Trent University,United Kingdom
401,Oklahoma State University,United States
401,Old Dominion University,United States
401,Peter the Great St Petersburg Polytechnic University,Russian Federation
401,Polytechnic University of ValenciaSpain,Explore
401,Prince Sattam Bin Abdulaziz University,Saudi Arabia
401,Princess Nourah bint Abdulrahman University,Saudi Arabia
401,Pusan National University,South Korea
401,Sabancı University,Turkey
401,Shanghai University,China
401,Stockholm University,Sweden
401,Sunway University,Malaysia
401,SUNY University at Albany,United States
401,Syracuse University,United States
401,Taif University,Saudi Arabia
401,Tecnológico de MonterreyMexico,Explore
401,Texas Tech University,United States
401,Thapar Institute of Engineering and Technology,India
401,The University of Aizu,Japan
401,Tilburg UniversityNetherlands,Explore
401,Ton Duc Thang University,Vietnam
401,Tufts University,United States
401,Université Côte d'AzurFrance,Explore
401,University of Arizona,United States
401,University of Arkansas,United States
401,University of Bayreuth,Germany
401,University of BordeauxFrance,Explore
401,University of Cagliari,Italy
401,University of Calabria,Italy
401,University of Eastern Finland,Finland
401,University of Florence,Italy
401,University of Genoa,Italy
401,University of Hamburg,Germany
401,University of Houston,United States
401,University of Johannesburg,South Africa
401,University of Kent,United Kingdom
401,University of Lincoln,United Kingdom
401,University of Lisbon,Portugal
401,University of Messina,Italy
401,University of Milan-Bicocca,Italy
401,University of Modena and Reggio Emilia,Italy
401,University of Münster,Germany
401,University of North Carolina at Charlotte,United States
401,University of Otago,New Zealand
401,University of Passau,Germany
401,University of Plymouth,United Kingdom
401,University of Portsmouth,United Kingdom
401,University of Regina,Canada
401,University of Rennes 1France,
401,University of Salerno,Italy
401,University of Siena,Italy
401,University of Southern Denmark,Denmark
401,University of South Florida,United States
401,University of Sussex,United Kingdom
401,University of Tabriz,Iran
401,University of Tasmania,Australia
401,University of Texas at Dallas,United States
401,University of Toulouse,France
401,University of TurkuFinland,Explore
401,VIT University,India
401,Western Sydney University,Australia
401,Yıldız Technical UniversityTurkey,Explore
501,Abdul Wali Khan University Mardan,Pakistan
501,Air University,Pakistan
501,American University of Beirut,Lebanon
501,Applied Science Private UniversityJordan,Explore
501,Athens University of Economics and Business,Greece
501,Autonomous University of Madrid,Spain
501,Bilkent University,Turkey
501,Brno University of Technology,Czechia
501,Chengdu University,China
501,Claude Bernard University Lyon 1France,
501,Colorado School of Mines,United States
501,CY Cergy Paris University,France
501,Czech Technical University in Prague,Czechia
501,Donghua University,China
501,Duy Tan University,Vietnam
501,ENSTA Bretagne,France
501,Federal University of Rio de Janeiro,Brazil
501,Firat University,Turkey
501,Florida State University,United States
501,Fu Jen Catholic University,Taiwan
501,Gachon University,South Korea
501,Georgetown University,United States
501,Georgia State University,United States
501,Guangdong University of Technology,China
501,Guangzhou University,China
501,Harbin Engineering University,China
501,HSE University,Russian Federation
501,Indian Institute of Technology Patna,India
501,"International Islamic University, Islamabad",Pakistan
501,Jouf University,Saudi Arabia
501,Kalasalingam Academy of Research and Education,India
501,Kansas State University,United States
501,King Mongkut's University of Technology North Bangkok,Thailand
501,Konkuk University,South Korea
501,Lovely Professional UniversityIndia,Explore
501,Massey University,New Zealand
501,Middlesex University,United Kingdom
501,Minia University,Egypt
501,Montpellier University,France
501,National and Kapodistrian University of Athens,Greece
501,National Cheng Kung University (NCKU)Taiwan,
501,National Research Nuclear University MEPh,IRussian Federation
501,National Sun Yat-Sen University,Taiwan
501,Nazarbayev UniversityKazakhstan,Explore
501,Obuda University,Hungary
501,Ozyegin University,Turkey
501,Pontificia Universidad Católica de Chile,Chile
501,Qingdao University,China
501,Quaid-i-Azam University,Pakistan
501,Rochester Institute of Technology,United States
501,Saveetha Institute of Medical and Technical SciencesIndia,Explore
501,Savitribai Phule Pune University,India
501,Shiraz University,Iran
501,Southwest Jiaotong University,China
501,Stellenbosch University,South Africa
501,Technical University of Madrid,Spain
501,Technische Universität Ilmenau,Germany
501,The Hashemite UniversityJordan,Explore
501,Umeå University,Sweden
501,Umm Al-Qura UniversitySaudi Arabia,Explore
501,Universidade Federal do Rio Grande do Sul,Brazil
501,Universitat Autònoma de Barcelona (UAB)Spain,
501,Universiti Putra Malaysia,Malaysia
501,University College Cork,Ireland
501,University of Bari Aldo Moro,Italy
501,University of Bergen,Norway
501,University of Chile,Chile
501,University of Coimbra,Portugal
501,University of Connecticut,United States
501,University of CyprusCyprus,Explore
501,University of Gothenburg,Sweden
501,University of Greenwich,United Kingdom
501,University of Ha’il,Saudi Arabia
501,University of Huddersfield,United Kingdom
501,University of JyväskyläFinland,
501,University of Kansas,United States
501,University of KwaZulu-Natal,South Africa
501,University of Lille,France
501,University of Lorraine,France
501,University of Memphis,United States
501,University of Miami,United States
501,University of Mons,Belgium
501,University of Palermo,Italy
501,University of Rhode Island,United States
501,University of Seville,Spain
501,University of the Basque Country,Spain
501,University of the Punjab,Pakistan
501,University of Tsukuba,Japan
501,University of Turin,Italy
501,University of Waikato,New Zealand
501,University of Zaragoza,Spain
501,Virginia Commonwealth University,United States
501,Wenzhou University,China
501,Xi’an Jiaotong-Liverpool UniversityChina,Explore
501,Zagazig University,Egypt
501,Zhejiang Normal University,China
601,AGH University of Krakow,Poland
601,Ain Shams University,Egypt
601,Aix-Marseille University,France
601,Ajou University,South Korea
601,Al-Azhar University,Egypt
601,Alexandria University,Egypt
601,Al-Zaytoonah University of Jordan,Jordan
601,American University of Sharjah,United Arab Emirates
601,Assiut University,Egypt
601,Auckland University of TechnologyNew Zealand,Explore
601,Babol Noshirvani University of Technology,Iran
601,Bahçeşehir University,Turkey
601,Bahria University,Pakistan
601,Banaras Hindu University,India
601,Bandung Institute of Technology (ITB)Indonesia,
601,Bangladesh University of Engineering and Technology,Bangladesh
601,Bharathiar University,India
601,Birla Institute of Technology,India
601,"Birla Institute of Technology and Science, Pilani",India
601,Birmingham City University,United Kingdom
601,Bournemouth University,United Kingdom
601,Budapest University of Technology and Economics,Hungary
601,Ca’ Foscari University of Venice,Italy
601,Central Queensland UniversityAustralia,Explore
601,Chang Gung University,Taiwan
601,Changsha University of Science and Technology,China
601,China University of Petroleum (East China)China,
601,Chitkara University,India
601,Chittagong University of Engineering & Technology,Bangladesh
601,Chosun University,South Korea
601,Chungbuk National UniversitySouth Korea,Explore
601,Chungnam National University,South Korea
601,"Colorado State University, Fort Collins",United States
601,Complutense University of Madrid,Spain
601,Covenant UniversityNigeria,Explore
601,Coventry UniversityUnited Kingdom,Explore
601,Cyprus University of Technology,Cyprus
601,Daffodil International University (DIU)Bangladesh,
601,Delhi Technological University,India
601,Drexel University,United States
601,Ewha Womans University,South Korea
601,Federal University of Minas Gerais,Brazil
601,Ferdowsi University of Mashhad,Iran
601,Future University in Egypt,Egypt
601,Fuzhou University,China
601,Galgotias University,India
601,Goethe University Frankfurt,Germany
601,Government College University Faisalabad,Pakistan
601,Hacettepe University,Turkey
601,Hamburg University of Technology,Germany
601,Hangzhou Normal University,China
601,Hanoi University of Science and Technology,Vietnam
601,Heinrich Heine University Düsseldorf,Germany
601,Hiroshima University,Japan
601,Hokkaido University,Japan
601,Hosei University,Japan
601,Huaqiao University,China
601,Indian Institute of Technology Gandhinagar,India
601,Indraprastha Institute of Information Technology Delhi,India
601,Inha University,South Korea
601,Innopolis University,Russian Federation
601,Jawaharlal Nehru University,India
601,Jaypee University of Information Technology,India
601,Jazan University,Saudi Arabia
601,Jeonbuk National UniversitySouth Korea,Explore
601,Jiangnan UniversityChina,Explore
601,Jiangsu University,China
601,Jinan University (China)China,
601,Jordan University of Science and Technology,Jordan
601,Kafrelsheikh University,Egypt
601,Karabük University,Turkey
601,Karunya Institute of Technology and Sciences,India
601,Kazan Federal University,Russian Federation
601,Khon Kaen University,Thailand
601,King Mongkut’s University of Technology Thonburi,Thailand
601,KL University,India
601,K.N. Toosi University of Technology,Iran
601,Kobe University,Japan
601,Lakehead University,Canada
601,Lebanese University,Lebanon
601,Mahidol University,Thailand
601,Masaryk University,Czechia
601,Maynooth University,Ireland
601,Menoufia University,Egypt
601,Miguel Hernández University of Elche,Spain
601,Mohammed VI Polytechnic University,Morocco
601,Moscow Technical University of Communications and Informatics,Russian Federation
601,Moulay Ismail University,Morocco
601,Multimedia University,Malaysia
601,National Central University,Taiwan
601,National University of Computer and Emerging Sciences,Pakistan
601,New Mexico State University (Main campus)United States,
601,North China Electric Power University,China
601,North South University,Bangladesh
601,NOVA University of Lisbon,Portugal
601,Oakland University,United States
601,Ontario Tech University,Canada
601,Open University of Catalonia,Spain
601,Osmania University,India
601,Panjab University,India
601,Paris Lodron Universität Salzburg,Austria
601,Public University of Navarre,Spain
601,REVA University,India
601,Riphah International University,Pakistan
601,Ritsumeikan University,Japan
601,Rovira i Virgili University,Spain
601,San Diego State University,United States
601,Seoul National University of Science and Technology (SeoulTech)South Korea,
601,Shahid Bahonar University of Kerman,Iran
601,Shahid Beheshti University,Iran
601,Shahrood University of Technology,Iran
601,Shantou University,China
601,Sharda University,India
601,Siksha ‘O’ AnusandhanIndia,Explore
601,Silesian University of Technology,Poland
601,Sogang University,South Korea
601,"Soochow University, ChinaChina",Explore
601,Soonchunhyang University,South Korea
601,SRM Institute of Science and Technology,India
601,Sukkur IBA University,Pakistan
601,Taibah University,Saudi Arabia
601,Tallinn University of Technology,Estonia
601,Tanta University,Egypt
601,Teesside University,United Kingdom
601,The Islamia University of Bahawalpur,Pakistan
601,The Open University,United Kingdom
601,The University of Alabama,United States
601,Tokyo University of Agriculture and Technology,Japan
601,Tomsk Polytechnic University,Russian Federation
601,UiT The Arctic University of Norway,Norway
601,Ulster University,United Kingdom
601,UNIR – International University of La Rioja,Spain
601,Universidade Estadual Paulista (Unesp)Brazil,
601,Universitas Gadjah Mada,Indonesia
601,Université de Bretagne Occidentale,France
601,Université Hassan II de Casablanca,Morocco
601,Université Polytechnique Hauts-de-France,France
601,Universiti Malaysia Pahang Al-Sultan Abdullah (UMPSA)Malaysia,
601,Universiti Tenaga Nasional (UNITEN)Malaysia,
601,Universiti Tun Hussein Onn Malaysia (UTHM)Malaysia,
601,Universiti Utara Malaysia,Malaysia
601,University of AlcaláSpain,
601,University of Anbar,Iraq
601,University of Beira InteriorPortugal,Explore
601,University of CanterburyNew Zealand,Explore
601,University of Cape TownSouth Africa,Explore
601,University of Cologne,Germany
601,University of Delhi,India
601,University of Dhaka,Bangladesh
601,"University of Engineering and Technology, Peshawar",Pakistan
601,University of Engineering & Technology (UET) Lahore,Pakistan
601,University of Fribourg,Switzerland
601,University of Hawai’i at Mānoa,United States
601,University of Hertfordshire,United Kingdom
601,University of Hradec KrálovéCzechia,
601,University of Ilorin,Nigeria
601,University of Indonesia,Indonesia
601,University of Isfahan,Iran
601,University of Kragujevac,Serbia
601,University of L’Aquila,Italy
601,University of LimerickIreland,Explore
601,University of Ljubljana,Slovenia
601,University of Malaga,Spain
601,University of Management and Technology,Pakistan
601,University of Marburg,Germany
601,University of Milan,Italy
601,University of Minho,Portugal
601,University of Murcia,Spain
601,University of Parma,Italy
601,University of Patras,Greece
601,University of Pretoria,South Africa
601,University of Rome IIIItaly,
601,University of Rouen Normandie,France
601,University of Salamanca,Spain
601,University of Salento,Italy
601,University of Santiago de Compostela,Spain
601,University of Sfax,Tunisia
601,University of St Andrews,United Kingdom
601,University of Tabuk,Saudi Arabia
601,University of Texas at El Paso,United States
601,University of the Aegean,Greece
601,UWE Bristol (University of the West of England)United Kingdom,
601,University of the Witwatersrand,South Africa
601,University of Tunis El Manar,Tunisia
601,University of Udine,Italy
601,University of Valencia,Spain
601,University of West Bohemia,Czechia
601,University of Western Macedonia,Greece
601,Ural Federal University,Russian Federation
601,"Vels Institute of Science, Technology and Advanced Studies (VISTAS)India",
601,Verona University,Italy
601,VSB - Technical University of OstravaCzechia,Explore
601,Warsaw University of Technology,Poland
601,Yangzhou University,China
601,Yarmouk University,Jordan
601,Yazd University,Iran
601,Yuan Ze University,Taiwan
601,Zhejiang Gongshang University,China
601,Zhejiang University of Technology,China
801,Abdelmalek Essaâdi University,Morocco
801,"Adam Mickiewicz University, PoznańPoland",
801,Al-Nahrain University,Iraq
801,American International University – Bangladesh,Bangladesh
801,"Arab Academy for Science, Technology and Maritime Transport",Egypt
801,Babeş-Bolyai University,Romania
801,Badji Mokhtar University – Annaba,Algeria
801,Baylor University,United States
801,Beijing University of Chemical TechnologyChina,Explore
801,BINUS University,Indonesia
801,BRAC University,Bangladesh
801,Changzhou University,China
801,Chaoyang University of Technology,Taiwan
801,Charles Sturt University,Australia
801,Chiang Mai University,Thailand
801,Chonnam National UniversitySouth Korea,Explore
801,Christ University,India
801,Chung Yuan Christian University,Taiwan
801,Cochin University of Science and Technology,India
801,Comenius University in Bratislava,Slovakia
801,Durban University of Technology,South Africa
801,Ege University,Turkey
801,Eötvös Loránd UniversityHungary,Explore
801,Escuela Superior Politécnica del Litoral,Ecuador
801,Federal University of Espírito Santo,Brazil
801,Universidade Federal de Pernambuco,Brazil
801,Federal University of Rio Grande do Norte (UFRN)Brazil,
801,Federal University of São Carlos,Brazil
801,Federico Santa María Technical University,Chile
801,Feng Chia University,Taiwan
801,Ferhat Abbas Sétif University 1Algeria,
801,Financial University under the Government of the Russian Federation,Russian Federation
801,Fluminense Federal University,Brazil
801,Gazi University,Turkey
801,Gdańsk University of Technology,Poland
801,Gebze Technical University,Turkey
801,Georgia Southern University,United States
801,GLA University,India
801,Gyeongsang National University,South Korea
801,Helwan University,Egypt
801,Hindustan Institute of Technology and Science,India
801,Hongik University,South Korea
801,Ibn Tofaïl University,Morocco
801,Incheon National University,South Korea
801,Indian Institute of Technology Guwahati,India
801,Instituto Politécnico de Viana do Castelo,Portugal
801,Institut Teknologi Sepuluh Nopember,Indonesia
801,International Hellenic University,Greece
801,ISCTE-University Institute of Lisbon,Portugal
801,Istanbul University-Cerrahpaşa,Turkey
801,Jagiellonian University,Poland
801,Jaume I University,Spain
801,Kanazawa University,Japan
801,Kangwon National UniversitySouth Korea,Explore
801,Karadeniz Technical University,Turkey
801,Karpagam Academy of Higher Education,India
801,Kaunas University of TechnologyLithuania,Explore
801,Kharkiv Aviation Institute,Ukraine
801,King Mongkut’s Institute of Technology Ladkrabang,Thailand
801,Kookmin University,South Korea
801,Kuwait UniversityKuwait,Explore
801,Lobachevsky State University of Nizhni Novgorod,Russian Federation
801,Lodz University of Technology,Poland
801,Lviv Polytechnic National University,Ukraine
801,Manav Rachna International Institute of Research and Studies,India
801,Manipal Academy of Higher Education,India
801,Manipal University Jaipur,India
801,Mapúa UniversityPhilippines,Explore
801,Marmara University,Turkey
801,"Mehran University of Engineering and Technology, Jamshoro, Pakistan",Pakistan
801,Middle Technical University,Iraq
801,Mohammed V University of Rabat,Morocco
801,Moscow Power Engineering Institute,Russian Federation
801,Nagoya Institute of Technology,Japan
801,Najran University,Saudi Arabia
801,Nanjing Forestry University,China
801,Nanjing Normal University,China
801,National Autonomous University of Mexico,Mexico
801,"State University ""Kyiv Aviation Institute""Ukraine",
801,National Chengchi University,Taiwan
801,National Chung Cheng University,Taiwan
801,National Chung Hsing University,Taiwan
801,National Institute of Technology Delhi,India
801,National University of Distance Education (UNED)Spain,
801,Nile University,Egypt
801,Northeast Agricultural University,China
801,Northeast Normal University,China
801,North-West University,South Africa
801,Northwest University (China)China,
801,Osaka Metropolitan University,Japan
801,Palacký University Olomouc,Czechia
801,Plekhanov Russian University of Economics,Russian Federation
801,Pondicherry University,India
801,Pontifical Catholic University of Rio Grande do Sul (PUCRS)Brazil,
801,Pontifical Catholic University of Valparaíso,Chile
801,Pontifícia Universidade Católica do ParanáBrazil,
801,Portland State University,United States
801,Poznan University of Technology,Poland
801,Prince of Songkla University,Thailand
801,PSG College of Technology,India
801,Pukyong National University,South Korea
801,Rajshahi University of Engineering and Technology,Bangladesh
801,Reykjavík University,Iceland
801,Riga Technical University,Latvia
801,RUDN University,Russian Federation
801,Sathyabama Institute of Science and TechnologyIndia,Explore
801,Saudi Electronic University,Saudi Arabia
801,Shibaura Institute of Technology,Japan
801,Sidi Mohamed Ben Abdellah University,Morocco
801,Slovak University of Technology in Bratislava,Slovakia
801,Soongsil University,South Korea
801,South China Normal University,China
801,St Petersburg Electrotechnical University (LETI)Russian Federation,
801,Technical University of Cartagena,Spain
801,Technical University of Cluj-Napoca,Romania
801,Technological University Dublin,Ireland
801,Telkom University,Indonesia
801,Texas State University,United States
801,The University of Electro-Communications,Japan
801,Tokyo Metropolitan UniversityJapan,Explore
801,Tokyo University of Science,Japan
801,Tomsk State University,Russian Federation
801,Toyohashi University of Technology (TUT)Japan,
801,Tulane University,United States
801,Universidad Andrés Bello (UNAB)Chile,
801,Universidade Federal de Santa Catarina,Brazil
801,Universidade Federal de São Paulo (UNIFESP)Brazil,
801,Universidade Federal do Ceará (UFC)Brazil,
801,Universidade Federal do Paraná (UFPR)Brazil,
801,Universitas AirlanggaIndonesia,Explore
801,Universitas PadjadjaranIndonesia,Explore
801,Université Chouaïb Doukkali,Morocco
801,Université de Gabès,Tunisia
801,Université de Poitiers,France
801,Université d’Orléans,France
801,Université Hassan 1er,Morocco
801,Université Sultan Moulay Slimane,Morocco
801,Universiti Malaysia Sarawak (UNIMAS)Malaysia,
801,Universiti Malaysia Terengganu (UMT)Malaysia,
801,Universiti Teknikal Malaysia Melaka,Malaysia
801,Universiti Tunku Abdul Rahman (UTAR)Malaysia,
801,University of A Coruña,Spain
801,University of Alicante,Spain
801,University of Almería,Spain
801,University of Antioquia,Colombia
801,University of Brasília,Brazil
801,University of Bucharest,Romania
801,University of Cadiz,Spain
801,University of Carthage,Tunisia
801,University of Castilla-La Mancha,Spain
801,University of Clermont Auvergne,France
801,University of DebrecenHungary,Explore
801,University of Diyala,Iraq
801,University of Franche-ComtéFrance,
801,University of Gdańsk,Poland
801,University of Girona,Spain
801,University of Haifa,Israel
801,University of Insubria,Italy
801,University of JeddahSaudi Arabia,Explore
801,University of Kiel,Germany
801,University of la Costa,Colombia
801,University of Lahore,Pakistan
801,University of La Laguna,Spain
801,University of La Rochelle,France
801,University of Las Palmas de Gran Canaria,Spain
801,University of Latvia,Latvia
801,University of León,Spain
801,University of Macedonia,Greece
801,University of Malta,Malta
801,University of Manouba,Tunisia
801,University of Maribor,Slovenia
801,University Cadi Ayyad of Marrakech,Morocco
801,University of Monastir,Tunisia
801,University of Moratuwa,Sri Lanka
801,University of Nebraska Omaha,United States
801,"University of Nevada, Las Vegas",United States
801,University of Novi Sad,Serbia
801,University of Oviedo,Spain
801,University of Rajshahi,Bangladesh
801,University of Rijeka,Croatia
801,University of Sousse,Tunisia
801,University of Szeged,Hungary
801,University of Talca,Chile
801,"University of Technology, Iraq",Iraq
801,"University of the Andes, Colombia",Colombia
801,University of Thessaly,Greece
801,University of Tunis,Tunisia
801,University of Valladolid,Spain
801,University of Vigo,Spain
801,University of West Attica,Greece
801,University of Wrocław,Poland
801,University of Zagreb,Croatia
801,University of Žilina,Slovakia
801,University Rey Juan Carlos,Spain
801,Vilnius Gediminas Technical University (Vilnius Tech)Lithuania,
801,Wrocław University of Science and Technology,Poland
801,Xiangtan University,China
801,Yanshan University,China
801,Yokohama National University,Japan
801,Zhejiang Sci-Tech University,China
801,Zhejiang University of Finance and Economics,China
1001,Acharya Nagarjuna University,India
1001,Alexandru Ioan Cuza University,Romania
1001,Al-Farabi Kazakh National University,Kazakhstan
1001,Ariel University,Israel
1001,Autonomous University of Baja California,Mexico
1001,Belarusian State University,Belarus
1001,Benemérita Universidad Autónoma de Puebla,Mexico
1001,Bialystok University of Technology,Poland
1001,Chuo University,Japan
1001,Communication University of China,China
1001,Cracow University of Technology,Poland
1001,Dankook University,South Korea
1001,De La Salle UniversityPhilippines,Explore
1001,Dokuz Eylül University,Turkey
1001,Don State Technical University,Russian Federation
1001,Doshisha University,Japan
1001,Federal Rural University of Pernambuco,Brazil
1001,Federal University of Goiás,Brazil
1001,Federal University of ParáBrazil,
1001,Federal University of Santa Maria,Brazil
1001,Federal University of Uberlândia,Brazil
1001,Fujian Agriculture and Forestry University,China
1001,GITAM University,India
1001,Ionian University,Greece
1001,Jianghan University,China
1001,Jiangsu Normal University,China
1001,Kansai University,Japan
1001,Kasetsart University,Thailand
1001,Kharkiv National University of Radio Electronics,Ukraine
1001,Kocaeli University,Turkey
1001,Kyoto Institute of Technology,Japan
1001,L.N. Gumilyov Eurasian National University,Kazakhstan
1001,Lublin University of Technology,Poland
1001,Meiji University,Japan
1001,Metropolitan Autonomous University,Mexico
1001,MIREA - Russian Technological University,Russian Federation
1001,Moscow Aviation Institute,Russian Federation
1001,Mustansiriyah University,Iraq
1001,Nanjing Tech University,China
1001,National Chin-Yi University of Technology,Taiwan
1001,National Formosa University,Taiwan
1001,National Kaohsiung University of Science and Technology,Taiwan
1001,National Research University of Electronic Technology (MIET)Russian Federation,
1001,National Taiwan Ocean University,Taiwan
1001,National Technical University Kharkiv Polytechnic Institute,Ukraine
1001,National Technical University of Ukraine – Igor Sikorsky Kyiv Polytechnic Institute,Ukraine
1001,National University of Colombia,Colombia
1001,National University of La Plata,Argentina
1001,National University of Life and Environmental Sciences of Ukraine,Ukraine
1001,National University of Science and Technology (MISiS)Russian Federation,
1001,North-Caucasus Federal University,Russian Federation
1001,Novosibirsk State Technical University,Russian Federation
1001,Novosibirsk State University,Russian Federation
1001,Polytechnic University of Timişoara,Romania
1001,Pontifical Catholic University of Peru,Peru
1001,Pontificia Universidad Javeriana,Colombia
1001,R V College of EngineeringIndia,Explore
1001,Rzeszów University of Technology,Poland
1001,Saints Cyril and Methodius University in Skopje,North Macedonia
1001,Samara National Research University (Samara University)Russian Federation,
1001,Shanghai Normal University,China
1001,Shizuoka University,Japan
1001,Sichuan University of Science and Engineering,China
1001,Sofia University,Bulgaria
1001,Southern Federal University,Russian Federation
1001,Southwest Petroleum University,China
1001,Sri Lanka Institute of Information Technology,Sri Lanka
1001,State University of Malang,Indonesia
1001,Tamkang University,Taiwan
1001,Taras Shevchenko National University of Kyiv,Ukraine
1001,Tashkent University of Information Technologies,Uzbekistan
1001,Technical University of Sofia,Bulgaria
1001,Thammasat University,Thailand
1001,Tokai University,Japan
1001,Transilvania University of Brașov,Romania
1001,Universidad de las Fuerzas Armadas – ESPEEcuador,
1001,Universidade do Estado do Rio de Janeiro (UERJ)Brazil,
1001,Universidade Federal da Bahia,Brazil
1001,Universidade Federal de Juiz de Fora,Brazil
1001,Universidade Federal do ABC (UFABC)Brazil,
1001,Universidade Lusófona,Portugal
1001,Universidade Tecnológica Federal do Paraná (UTFPR)Brazil,
1001,Universidad Peruana de Ciencias Aplicadas (UPC)Peru,
1001,Universidad Politécnica Salesiana,Ecuador
1001,Universidad Técnica Particular de Loja,Ecuador
1001,Universitas Sebelas Maret,Indonesia
1001,Universitas Sumatera Utara,Indonesia
1001,Université Mohammed Premier,Morocco
1001,Universiti Kuala Lumpur,Malaysia
1001,Universiti Teknologi MARAMalaysia,
1001,University of Abou Bekr Belkaïd Tlemcen,Algeria
1001,University of Babylon,Iraq
1001,University of Baghdad,Iraq
1001,University of Basrah,Iraq
1001,University of Biskra,Algeria
1001,University of Brawijaya,Indonesia
1001,University of Concepción,Chile
1001,University of Craiova,Romania
1001,University of GuadalajaraMexico,Explore
1001,University of Guanajuato,Mexico
1001,University of Ioannina,Greece
1001,University of Lodz,Poland
1001,University of Mosul,Iraq
1001,University of Ostrava,Czechia
1001,"University of Santiago, Chile (USACH)Chile",
1001,University of Sarajevo,Bosnia and Herzegovina
1001,University of Savoie Mont Blanc,France
1001,University of Sciences and Technology Houari Boumediene,Algeria
1001,University of Silesia in Katowice,Poland
1001,University of South Africa,South Africa
1001,University of Split,Croatia
1001,University of the Balearic Islands,Spain
1001,University of the Philippines,Philippines
1001,University of Tours,France
1001,University of Warmia and Mazury in Olsztyn,Poland
1001,"Vietnam National University, Hanoi",Vietnam
1001,Vietnam National University (Ho Chi Minh City)Vietnam,
1001,Vilnius University,Lithuania
1001,V.N. Karazin Kharkiv National University,Ukraine
1001,Warsaw University of Life Sciences – SGGWPoland,
1001,Wuhan Textile University,China
1001,Yamaguchi University,Japan
