Rank,Name Country/Region,Overall,Research Quality,Industry,International Outlook,Research Environment,Teaching
1,University of OxfordUnited Kingdom,98.3,99.4,92.4,95.5,98.7,99.2
2,University of CambridgeUnited Kingdom,97.3,95.6,99.5,96.1,100.0,95.8
3,Massachusetts Institute of TechnologyUnited States,96.2,99.1,100.0,80.6,99.4,93.2
4,ETH ZurichSwitzerland,96.1,99.3,90.8,94.4,99.4,91.3
5,Stanford UniversityUnited States,96.0,99.8,100.0,76.7,98.8,93.5
=6,Carnegie Mellon UniversityUnited States,95.7,99.7,99.3,79.6,96.2,94.5
=6,Princeton UniversityUnited States,95.7,99.6,91.5,78.8,97.6,95.5
=8,Imperial College LondonUnited Kingdom,93.6,95.1,89.7,96.1,95.5,90.7
=8,"University of California, BerkeleyUnited States",93.6,99.9,99.0,78.0,93.8,89.7
10,Harvard UniversityUnited States,93.4,95.9,75.7,81.4,99.1,93.5
11,National University of SingaporeSingaporeExplore,93.3,98.0,99.4,89.7,94.9,86.3
12,Peking UniversityChina,92.4,96.0,99.9,57.6,93.4,94.9
13,Tsinghua UniversityChina,92.3,96.0,100.0,39.5,95.7,97.0
14,Technical University of MunichGermanyExplore,91.2,93.1,100.0,71.5,96.8,86.5
15,California Institute of TechnologyUnited States,90.9,95.4,99.7,62.7,96.4,85.8
16,Cornell UniversityUnited States,90.8,97.9,74.8,76.5,96.0,86.9
17,"University of California, Los AngelesUnited States",90.1,97.3,86.5,80.7,92.9,83.7
18,University of WashingtonUnited States,89.8,98.0,86.9,69.6,93.5,84.1
19,"Nanyang Technological University, SingaporeSingaporeExplore",89.0,96.9,100.0,91.2,89.2,77.3
20,École Polytechnique Fédérale de LausanneSwitzerland,88.8,85.6,98.2,93.3,90.9,86.0
21,University of Illinois at Urbana-ChampaignUnited States,88.2,94.1,86.2,65.5,96.8,80.2
22,Georgia Institute of TechnologyUnited States,87.1,92.9,94.5,77.3,91.5,77.5
23,University of TorontoCanada,86.6,94.3,70.8,85.3,86.8,83.8
24,Yale UniversityUnited States,86.3,91.7,69.8,81.4,87.3,86.0
25,Johns Hopkins UniversityUnited States,85.8,99.5,97.8,82.6,80.3,75.3
26,Columbia UniversityUnited States,85.6,94.1,83.7,84.3,82.5,81.5
27,New York UniversityUnited States,84.7,94.7,98.7,93.2,83.5,69.9
28,The Hong Kong University of Science and TechnologyHong KongExplore,84.6,97.9,100.0,96.8,76.7,72.2
29,University of EdinburghUnited Kingdom,84.1,89.9,91.8,95.2,78.3,79.2
30,The Chinese University of Hong KongHong KongExplore,83.6,99.6,98.9,95.0,72.3,72.1
31,University of Texas at AustinUnited States,83.4,93.0,95.1,47.1,89.2,74.3
32,Zhejiang UniversityChinaExplore,82.4,88.5,100.0,70.1,82.0,75.2
33,Shanghai Jiao Tong UniversityChina,81.9,84.6,100.0,63.1,84.5,76.4
34,UCLUnited Kingdom,81.6,88.0,71.6,96.8,79.4,76.4
35,"University of California, San DiegoUnited States",81.3,94.5,99.9,77.7,78.1,67.3
36,University of PennsylvaniaUnited States,80.8,92.1,78.7,79.1,82.2,69.2
37,The University of TokyoJapan,80.7,60.5,100.0,42.0,92.8,92.7
38,Paris Sciences et Lettres – PSL Research University ParisFrance,80.3,87.6,87.4,83.8,70.5,80.3
39,Korea Advanced Institute of Science and Technology (KAIST)South Korea,80.2,85.4,100.0,42.9,84.9,74.4
40,The University of ChicagoUnited States,79.7,93.3,68.8,73.5,78.7,72.2
41,University of Michigan-Ann ArborUnited States,79.3,90.0,74.6,60.6,84.4,70.0
42,Institut Polytechnique de ParisFrance,77.7,68.2,95.4,93.4,69.8,86.0
43,University of WaterlooCanada,77.6,85.7,84.9,86.1,73.3,69.7
44,KU LeuvenBelgiumExplore,76.4,85.0,100.0,69.2,70.2,69.5
45,Delft University of TechnologyNetherlands,75.6,84.8,99.9,87.1,70.0,62.2
46,Université de MontréalCanadaExplore,74.6,90.9,100.0,88.4,71.3,51.0
47,Purdue University West LafayetteUnited States,74.5,79.5,79.9,77.4,78.0,63.5
48,University of MassachusettsUnited States,74.2,85.8,91.5,78.4,61.8,69.5
49,Seoul National UniversitySouth Korea,74.0,77.5,100.0,34.4,74.6,73.2
50,University of MelbourneAustralia,73.1,82.4,80.4,91.2,64.0,66.5
51,University of British ColumbiaCanada,72.9,87.4,85.0,92.0,66.0,57.2
52,University of Science and Technology of ChinaChinaExplore,72.6,95.7,94.9,38.4,62.5,63.1
53,University of Hong KongHong KongExplore,72.2,98.7,82.2,96.9,58.1,51.4
54,Université Paris-SaclayFrance,71.8,65.2,99.2,73.9,65.4,76.6
55,LMU MunichGermanyExplore,71.7,90.1,99.5,63.1,63.0,57.2
56,"University of Maryland, College ParkUnited States",70.8,93.1,77.4,49.9,68.5,54.8
57,City University of Hong KongHong KongExplore,70.7,92.3,100.0,98.8,51.4,53.4
57,Duke UniversityUnited States,70.5,88.7,100.0,75.2,57.7,56.2
58,Fudan UniversityChina,70.4,90.0,99.0,42.4,55.3,66.1
60,RWTH Aachen UniversityGermany,69.9,78.6,99.9,55.7,69.5,57.0
61,Monash UniversityAustralia,69.8,97.0,84.8,94.6,50.8,51.7
62,"University of California, Santa BarbaraUnited States",69.6,90.2,96.8,80.1,59.4,49.3
63,University of Wisconsin-MadisonUnited States,69.0,87.3,76.9,79.2,63.8,51.4
64,University of Southern CaliforniaUnited States,68.8,91.7,87.6,75.6,58.1,50.0
65,Technical University of BerlinGermany,68.6,82.7,99.7,67.3,64.9,50.0
66,Nanjing UniversityChina,68.3,88.8,98.3,56.7,53.0,58.4
67,Kyoto UniversityJapan,68.2,58.3,95.5,47.1,67.9,76.0
68,University of ManchesterUnited KingdomExplore,67.6,75.2,84.9,95.7,57.8,57.7
=69,KTH Royal Institute of TechnologySwedenExplore,67.5,83.3,86.5,70.7,59.9,53.4
=69,The University of SydneyAustralia,67.5,98.5,74.8,96.7,48.5,46.7
71,Brown UniversityUnited States,67.4,96.3,70.4,72.5,45.1,59.8
72,University of AmsterdamNetherlands,67.1,90.9,81.1,81.0,52.8,50.7
73,Technical University of DarmstadtGermany,66.9,86.3,99.9,62.3,55.6,51.5
74,The Hong Kong Polytechnic UniversityHong KongExplore,66.0,91.9,87.8,97.7,47.2,45.2
75,"University of California, IrvineUnited States",65.9,88.4,77.5,79.4,56.9,46.2
76,McGill UniversityCanadaExplore,65.3,79.2,94.0,87.2,54.1,49.2
77,Sorbonne UniversityFrance,64.4,71.6,72.0,75.8,54.3,62.6
78,Karlsruhe Institute of TechnologyGermany,64.1,72.4,100.0,50.2,62.9,50.8
79,TU WienAustria,64.0,70.6,79.0,76.0,59.2,55.1
80,University of AlbertaCanadaExplore,63.7,80.7,99.8,93.0,54.2,38.5
81,Australian National UniversityAustraliaExplore,63.6,94.1,82.4,94.3,48.2,36.0
82,Eindhoven University of TechnologyNetherlands,63.3,69.3,98.8,84.3,58.9,46.3
83,University of Technology SydneyAustralia,63.2,97.4,99.0,95.8,40.2,34.4
84,UNSW SydneyAustraliaExplore,62.3,91.0,88.9,93.6,44.0,37.2
85,Northwestern UniversityUnited States,61.9,90.1,68.8,71.1,48.9,43.1
=86,Sungkyunkwan University (SKKU)South KoreaExplore,61.5,70.4,99.5,65.0,49.2,53.8
=86,University of TübingenGermany,61.5,94.1,99.0,57.9,45.3,36.6
=88,Aalto UniversityFinland,61.2,87.7,80.5,72.6,44.3,44.0
=88,Politecnico di MilanoItalyExplore,61.2,74.9,98.1,50.8,50.9,50.7
90,Tokyo Institute of TechnologyJapan,60.9,55.0,98.8,51.8,60.4,58.8
91,King’s College LondonUnited Kingdom,60.8,85.1,66.6,96.4,41.1,46.0
92,University of AdelaideAustraliaExplore,60.7,98.4,99.2,95.9,36.0,28.9
93,Michigan State UniversityUnited States,60.3,96.6,73.8,81.5,44.6,31.4
94,University of BolognaItalyExplore,60.1,80.6,98.4,52.5,48.1,43.5
95,University of BonnGermany,59.7,89.1,69.6,60.0,47.2,41.1
96,Indian Institute of ScienceIndia,59.6,61.8,98.8,29.3,56.2,58.0
96,Korea UniversitySouth KoreaExplore,59.6,83.3,99.9,54.1,41.3,45.2
97,Yonsei University (Seoul campus)South Korea,59.4,92.8,100.0,37.4,42.6,38.3
=98,Aarhus UniversityDenmark,59.3,73.3,98.6,73.4,48.4,41.7
=98,Harbin Institute of TechnologyChina,59.3,74.4,99.9,34.5,48.1,51.1
100,"Northeastern University, USUnited States",59.2,90.8,67.4,75.8,40.8,40.5
101–125,Bauman Moscow State Technical UniversityRussian Federation,55.3–59.0,45.5,52.1,60.3,54.6,78.6
101–125,Boston UniversityUnited States,55.3–59.0,87.4,66.4,76.5,35.2,39.7
101–125,National Taiwan University (NTU)Taiwan,55.3–59.0,64.2,99.9,40.3,46.1,56.2
101–125,Penn State (Main campus)United States,55.3–59.0,80.0,72.8,65.2,44.9,39.1
101–125,Qatar UniversityQatar,55.3–59.0,97.0,93.5,96.6,29.8,31.1
101–125,Rice UniversityUnited States,55.3–59.0,86.9,72.4,79.6,38.3,39.6
101–125,Sapienza University of RomeItaly,55.3–59.0,70.9,96.5,39.9,39.7,48.5
101–125,Stony Brook UniversityUnited States,55.3–59.0,85.6,70.0,86.7,34.4,36.4
101–125,Technical University of DenmarkDenmark,55.3–59.0,77.2,97.7,82.5,35.1,37.9
101–125,Technion Israel Institute of TechnologyIsrael,55.3–59.0,67.8,71.0,49.4,59.6,45.6
101–125,Tel Aviv UniversityIsrael,55.3–59.0,78.1,69.9,41.3,51.5,37.5
101–125,Texas A&M UniversityUnited States,55.3–59.0,80.7,70.7,68.6,37.8,41.2
101–125,The University of QueenslandAustraliaExplore,55.3–59.0,87.7,81.6,91.7,31.7,32.8
101–125,Tohoku UniversityJapan,55.3–59.0,55.3,98.8,59.5,47.1,55.8
101–125,Universität HeidelbergGermanyExplore,55.3–59.0,85.4,97.2,65.3,34.9,35.5
101–125,University College DublinIreland,55.3–59.0,89.7,98.7,86.4,32.2,26.3
101–125,University of BristolUnited KingdomExplore,55.3–59.0,78.2,68.4,89.3,38.2,41.4
101–125,"University of California, DavisUnited States",55.3–59.0,75.1,77.6,83.6,46.6,37.8
101–125,University of Electronic Science and Technology of ChinaChina,55.3–59.0,77.6,97.7,35.4,43.0,46.7
101–125,University of FreiburgGermany,55.3–59.0,85.7,100.0,58.9,38.8,32.8
101–125,University of North Carolina at Chapel HillUnited States,55.3–59.0,90.2,75.3,61.1,44.3,37.5
101–125,University of WarwickUnited Kingdom,55.3–59.0,86.1,68.2,95.8,40.0,38.3
101–125,Virginia Polytechnic Institute and State UniversityUnited StatesExplore,55.3–59.0,90.7,68.0,75.8,38.5,35.2
101–125,Wuhan UniversityChina,55.3–59.0,85.4,98.2,37.2,41.8,42.0
126–150,Beihang UniversityChina,53.1–55.2,79.1,99.4,33.8,39.1,34.2
126–150,Chalmers University of TechnologySweden,53.1–55.2,77.2,86.5,73.5,38.2,36.2
126–150,Huazhong University of Science and TechnologyChinaExplore,53.1–55.2,85.6,98.7,36.0,38.1,32.2
126–150,King Fahd University of Petroleum and MineralsSaudi ArabiaExplore,53.1–55.2,79.1,83.0,84.6,34.8,36.7
126–150,Kyung Hee UniversitySouth KoreaExplore,53.1–55.2,88.7,97.6,75.1,27.5,27.7
126–150,Lebanese American UniversityLebanon,53.1–55.2,92.4,29.6,71.8,35.3,34.6
126–150,Linköping UniversitySweden,53.1–55.2,92.7,97.0,61.6,31.3,28.0
126–150,Macquarie UniversityAustralia,53.1–55.2,85.5,90.0,86.8,29.1,28.8
126–150,Pohang University of Science and Technology (POSTECH)South Korea,53.1–55.2,70.5,99.9,30.3,43.2,45.7
126–150,Queen Mary University of LondonUnited Kingdom,53.1–55.2,94.4,65.6,96.8,26.9,29.3
126–150,Ruhr University BochumGermany,53.1–55.2,73.9,84.5,54.4,43.0,37.0
126–150,Simon Fraser UniversityCanadaExplore,53.1–55.2,92.6,80.9,93.1,28.9,27.6
126–150,"University of California, RiversideUnited States",53.1–55.2,87.5,76.6,73.8,31.8,32.5
126–150,University of CopenhagenDenmark,53.1–55.2,82.0,65.0,72.3,32.9,43.6
126–150,University of Erlangen-NurembergGermanyExplore,53.1–55.2,78.0,100.0,51.7,40.5,33.8
126–150,University of GroningenNetherlands,53.1–55.2,68.1,94.7,92.3,39.4,37.4
126–150,University of Illinois ChicagoUnited States,53.1–55.2,95.9,80.4,70.1,34.8,24.7
126–150,University of MacauMacaoExplore,53.1–55.2,93.6,64.5,95.9,27.7,24.9
126–150,University of Notre DameUnited States,53.1–55.2,90.8,87.7,65.6,36.8,27.2
126–150,University of OsloNorway,53.1–55.2,83.4,90.6,70.3,30.3,32.8
126–150,University of OuluFinlandExplore,53.1–55.2,91.8,67.4,76.9,31.7,30.3
126–150,University of RochesterUnited States,53.1–55.2,85.2,91.3,84.3,31.4,26.0
126–150,University of StuttgartGermany,53.1–55.2,71.3,88.6,50.4,46.0,40.4
126–150,University of SurreyUnited Kingdom,53.1–55.2,97.0,72.2,96.7,28.7,25.5
126–150,University of ViennaAustria,53.1–55.2,63.9,88.3,89.3,42.1,38.7
126–150,University of Virginia (Main campus)United States,53.1–55.2,85.2,89.3,64.1,39.6,29.9
151–175,Deakin UniversityAustralia,51.1–53.0,91.0,81.1,94.9,21.8,23.9
151–175,Free University of BerlinGermany,51.1–53.0,61.9,80.7,78.8,39.3,36.9
151–175,Hong Kong Baptist UniversityHong Kong,51.1–53.0,92.6,73.9,93.7,28.5,19.5
151–175,Lomonosov Moscow State UniversityRussian Federation,51.1–53.0,24.0,63.9,50.2,50.3,76.6
151–175,Macau University of Science and TechnologyMacaoExplore,51.1–53.0,88.6,71.1,95.2,24.8,25.2
151–175,North Carolina State UniversityUnited States,51.1–53.0,69.4,72.4,71.8,38.1,36.7
151–175,Ohio State University (Main campus)United States,51.1–53.0,78.4,66.7,67.4,37.1,30.1
151–175,The University of OsakaJapan,51.1–53.0,44.4,99.8,43.7,49.5,51.9
151–175,Prince Mohammad Bin Fahd UniversitySaudi ArabiaExplore,51.1–53.0,73.2,40.8,85.3,30.6,44.6
151–175,Radboud University NijmegenNetherlandsExplore,51.1–53.0,78.2,62.8,79.8,37.6,27.6
151–175,Sharif University of TechnologyIran,51.1–53.0,65.4,95.0,35.7,36.3,44.5
151–175,Swinburne University of TechnologyAustraliaExplore,51.1–53.0,92.7,82.8,72.2,25.8,23.7
151–175,TU DresdenGermany,51.1–53.0,64.9,81.9,53.0,46.3,38.3
151–175,University at BuffaloUnited States,51.1–53.0,83.9,80.1,87.2,30.0,25.5
151–175,University of AucklandNew Zealand,51.1–53.0,83.5,74.0,86.3,26.9,29.8
151–175,University of Colorado BoulderUnited States,51.1–53.0,80.1,67.1,59.9,37.0,36.6
151–175,University of FloridaUnited States,51.1–53.0,75.4,73.9,57.5,41.5,32.7
151–175,University of GlasgowUnited KingdomExplore,51.1–53.0,74.2,66.1,94.0,33.7,36.6
151–175,University of LuxembourgLuxembourg,51.1–53.0,79.8,88.1,90.4,27.6,31.8
151–175,University of SheffieldUnited Kingdom,51.1–53.0,73.1,71.8,93.7,31.8,36.9
151–175,University of SouthamptonUnited Kingdom,51.1–53.0,76.1,71.3,95.3,36.1,31.3
151–175,University of TwenteNetherlands,51.1–53.0,69.7,94.6,89.1,38.5,29.5
151–175,University of WürzburgGermany,51.1–53.0,89.2,91.9,55.5,34.5,24.5
151–175,Vrije Universiteit AmsterdamNetherlands,51.1–53.0,70.5,84.0,91.8,36.8,27.3
176–200,Aalborg UniversityDenmark,49.3–51.0,76.5,82.1,75.0,32.0,28.7
176–200,Arizona State University (Tempe)United StatesExplore,49.3–51.0,81.5,74.9,75.2,28.9,25.5
176–200,Beijing Institute of TechnologyChinaExplore,49.3–51.0,66.6,99.3,56.2,37.8,34.2
176–200,Graz University of TechnologyAustria,49.3–51.0,69.2,87.8,72.9,31.6,36.6
176–200,Johannes Kepler University of LinzAustria,49.3–51.0,69.0,95.5,61.3,32.5,31.7
176–200,Khalifa UniversityUnited Arab EmiratesExplore,49.3–51.0,85.2,71.8,87.9,29.3,21.8
176–200,King Saud UniversitySaudi Arabia,49.3–51.0,87.7,72.0,78.6,23.3,28.8
176–200,Northwestern Polytechnical UniversityChinaExplore,49.3–51.0,75.7,97.6,48.7,31.1,34.5
176–200,Norwegian University of Science and TechnologyNorway,49.3–51.0,79.6,63.7,66.0,29.6,31.7
176–200,Queensland University of TechnologyAustraliaExplore,49.3–51.0,86.0,74.4,80.9,27.3,24.8
176–200,Rutgers University–New BrunswickUnited States,49.3–51.0,86.8,67.8,79.2,27.4,25.0
176–200,Sejong UniversitySouth Korea,49.3–51.0,96.4,85.0,65.5,25.4,18.8
176–200,Southern University of Science and Technology (SUSTech)China,49.3–51.0,89.9,77.3,70.1,31.4,19.4
176–200,Stevens Institute of TechnologyUnited States,49.3–51.0,89.8,66.5,87.2,26.4,18.1
176–200,Sun Yat-sen UniversityChina,49.3–51.0,85.4,98.1,37.0,25.5,29.1
176–200,Tianjin UniversityChina,49.3–51.0,75.9,99.2,52.2,32.4,25.8
176–200,Trinity College DublinIreland,49.3–51.0,66.1,98.0,82.8,30.3,32.9
176–200,Université Grenoble AlpesFrance,49.3–51.0,59.7,71.9,63.4,32.3,46.3
176–200,University of BirminghamUnited Kingdom,49.3–51.0,74.1,62.5,96.9,30.5,33.4
176–200,University of HelsinkiFinland,49.3–51.0,66.7,67.2,56.4,38.0,39.8
176–200,University of LiverpoolUnited KingdomExplore,49.3–51.0,77.8,55.9,98.8,28.3,29.2
176–200,University of MannheimGermany,49.3–51.0,84.9,94.6,64.9,28.8,19.5
176–200,University of TrentoItaly,49.3–51.0,83.1,71.7,61.5,30.4,31.1
176–200,University of WarsawPoland,49.3–51.0,78.9,43.7,51.3,37.1,38.0
176–200,Vanderbilt UniversityUnited States,49.3–51.0,77.2,78.9,72.7,31.1,27.9
201–250,Al Ain UniversityUnited Arab Emirates,47.0–49.2,67.1,20.1,98.1,34.9,40.3
201–250,"Asia University, TaiwanTaiwan",47.0–49.2,94.0,74.9,55.5,28.1,17.9
201–250,Brunel University of LondonUnited Kingdom,47.0–49.2,87.1,57.1,96.0,21.2,18.8
201–250,Cardiff UniversityUnited KingdomExplore,47.0–49.2,86.8,67.2,96.4,19.7,19.8
201–250,Case Western Reserve UniversityUnited States,47.0–49.2,80.2,66.5,84.4,28.0,22.7
201–250,École Normale Supérieure de LyonFrance,47.0–49.2,40.1,89.1,53.5,37.5,53.3
201–250,Griffith UniversityAustralia,47.0–49.2,90.0,58.3,92.5,18.6,21.4
201–250,Humboldt University of BerlinGermany,47.0–49.2,61.4,59.6,53.5,37.7,37.6
201–250,Indiana UniversityUnited States,47.0–49.2,65.0,92.3,75.8,28.3,30.6
201–250,Iowa State UniversityUnited States,47.0–49.2,73.4,97.4,53.1,32.0,23.1
201–250,King Abdulaziz UniversitySaudi ArabiaExplore,47.0–49.2,93.2,45.5,72.3,22.5,28.6
201–250,Lancaster UniversityUnited Kingdom,47.0–49.2,77.9,68.0,92.6,26.6,24.0
201–250,Loughborough UniversityUnited Kingdom,47.0–49.2,81.5,69.4,91.1,20.6,22.5
201–250,Louisiana State UniversityUnited States,47.0–49.2,82.5,70.8,59.4,25.2,25.5
201–250,Moscow Institute of Physics and Technology (MIPT)Russian Federation,47.0–49.2,39.0,68.9,68.7,39.4,58.2
201–250,Nagoya UniversityJapan,47.0–49.2,51.1,98.9,37.7,43.2,38.8
201–250,National Tsing Hua UniversityTaiwan,47.0–49.2,62.8,100.0,39.7,41.0,32.1
201–250,National Yang Ming Chiao Tung University (NYCU)Taiwan,47.0–49.2,56.1,100.0,31.6,39.5,34.9
201–250,Newcastle UniversityUnited KingdomExplore,47.0–49.2,73.6,75.6,93.6,26.1,26.4
201–250,Paderborn UniversityGermany,47.0–49.2,67.5,98.0,64.5,35.2,25.3
201–250,RMIT UniversityAustralia,47.0–49.2,70.7,65.8,93.0,26.9,31.2
201–250,Sant’Anna School of Advanced Studies – PisaItalyExplore,47.0–49.2,72.4,97.7,55.2,27.2,33.4
201–250,Shenzhen UniversityChina,47.0–49.2,74.0,70.8,43.3,38.2,27.8
201–250,Swansea UniversityUnited Kingdom,47.0–49.2,92.8,53.8,94.8,18.8,17.2
201–250,Tongji UniversityChina,47.0–49.2,70.7,99.0,49.2,32.2,23.7
201–250,Université Catholique de LouvainBelgium,47.0–49.2,62.0,73.5,70.5,36.3,32.7
201–250,Université du QuébecCanada,47.0–49.2,69.2,68.1,88.7,28.4,28.9
201–250,Universiti Sains MalaysiaMalaysia,47.0–49.2,90.7,56.4,71.7,21.6,24.6
201–250,Universiti Teknologi PetronasMalaysia,47.0–49.2,76.8,85.8,68.1,30.9,24.3
201–250,University of BaselSwitzerland,47.0–49.2,74.6,91.2,89.9,23.4,26.1
201–250,"University of California, Santa CruzUnited States",47.0–49.2,76.3,79.6,65.3,27.7,24.7
201–250,University of Central FloridaUnited States,47.0–49.2,82.7,80.9,42.0,29.8,23.0
201–250,University of EssexUnited Kingdom,47.0–49.2,80.3,67.6,98.5,18.8,24.8
201–250,University of KlagenfurtAustria,47.0–49.2,81.2,59.0,82.8,19.8,28.6
201–250,University of LeedsUnited Kingdom,47.0–49.2,72.3,66.8,98.0,26.0,25.8
201–250,University of LeicesterUnited Kingdom,47.0–49.2,86.8,51.8,99.0,22.3,18.4
201–250,University of MalayaMalaysia,47.0–49.2,77.8,57.8,81.9,26.5,30.1
201–250,University of MinnesotaUnited States,47.0–49.2,72.1,72.7,48.1,34.6,33.1
201–250,University of NottinghamUnited Kingdom,47.0–49.2,66.1,70.5,92.2,30.4,28.2
201–250,University of OttawaCanada,47.0–49.2,68.1,84.2,90.9,32.0,26.9
201–250,University of PaduaItaly,47.0–49.2,76.6,74.8,54.0,24.1,34.6
201–250,University of SharjahUnited Arab EmiratesExplore,47.0–49.2,93.7,59.8,96.1,22.8,14.1
201–250,University of South AustraliaAustraliaExplore,47.0–49.2,74.1,96.3,91.0,26.1,21.2
201–250,University of TehranIran,47.0–49.2,83.3,87.8,39.1,23.1,31.2
201–250,University of VictoriaCanada,47.0–49.2,74.1,67.6,93.8,29.4,24.7
201–250,University of YorkUnited Kingdom,47.0–49.2,59.1,65.6,89.6,31.7,34.8
201–250,Washington University in St LouisUnited States,47.0–49.2,68.1,82.1,77.6,28.6,29.7
201–250,Xiamen UniversityChina,47.0–49.2,84.0,92.7,38.3,22.1,29.7
201–250,Xi’an Jiaotong UniversityChina,47.0–49.2,76.9,83.4,26.5,30.0,37.7
201–250,Xidian UniversityChina,47.0–49.2,73.9,95.9,29.5,30.0,36.2
201–250,York UniversityCanadaExplore,47.0–49.2,74.5,77.6,85.1,26.2,22.4
251–300,American University of the Middle EastKuwaitExplore,45.2–46.9,66.4,21.5,77.8,29.3,42.0
251–300,Amirkabir University of TechnologyIran,45.2–46.9,78.6,88.9,38.1,27.1,21.7
251–300,Cairo UniversityEgypt,45.2–46.9,76.5,52.6,56.4,25.8,30.4
251–300,Concordia UniversityCanada,45.2–46.9,70.3,74.9,88.3,26.7,20.5
251–300,Dalian University of TechnologyChina,45.2–46.9,78.4,87.3,44.6,23.1,23.7
251–300,Dartmouth CollegeUnited States,45.2–46.9,59.4,80.7,71.2,27.8,38.0
251–300,Florida Atlantic UniversityUnited States,45.2–46.9,90.2,69.8,70.7,18.6,18.4
251–300,George Washington UniversityUnited States,45.2–46.9,74.4,61.3,78.1,24.3,24.8
251–300,Hanyang UniversitySouth KoreaExplore,45.2–46.9,58.8,99.9,55.1,34.7,27.8
251–300,Hebrew University of JerusalemIsrael,45.2–46.9,66.6,72.0,39.4,31.0,38.0
251–300,Hunan UniversityChina,45.2–46.9,85.2,86.2,40.7,23.4,20.8
251–300,Istanbul Technical UniversityTurkey,45.2–46.9,59.7,88.7,50.8,31.4,33.3
251–300,King Khalid UniversitySaudi Arabia,45.2–46.9,69.0,52.5,82.2,30.4,31.3
251–300,La Trobe UniversityAustralia,45.2–46.9,81.0,59.0,94.6,21.9,22.4
251–300,Lehigh UniversityUnited States,45.2–46.9,86.4,64.9,74.9,20.1,17.9
251–300,Leibniz University HannoverGermany,45.2–46.9,79.3,69.1,54.6,29.9,21.4
251–300,Lund UniversitySweden,45.2–46.9,57.3,97.3,56.6,38.0,26.9
251–300,McMaster UniversityCanadaExplore,45.2–46.9,68.9,77.0,91.0,27.4,21.8
251–300,Middle East Technical UniversityTurkey,45.2–46.9,52.9,88.2,44.1,34.6,38.4
251–300,Nankai UniversityChina,45.2–46.9,79.9,86.1,35.2,26.7,24.7
251–300,Near East UniversityNorthern Cyprus,45.2–46.9,88.9,57.1,82.2,20.1,17.7
251–300,New Jersey Institute of TechnologyUnited States,45.2–46.9,79.0,63.7,90.1,21.5,19.8
251–300,Rensselaer Polytechnic InstituteUnited States,45.2–46.9,69.7,100.0,65.5,27.9,22.3
251–300,Southeast UniversityChina,45.2–46.9,70.2,96.6,41.2,32.9,20.9
251–300,SUNY Binghamton UniversityUnited States,45.2–46.9,78.2,73.9,60.0,21.4,27.9
251–300,Tampere UniversityFinland,45.2–46.9,74.3,84.0,62.5,27.5,23.3
251–300,Temple UniversityUnited States,45.2–46.9,93.7,64.1,61.2,16.3,20.0
251–300,The University of Texas at San AntonioUnited States,45.2–46.9,92.3,65.9,54.7,22.8,14.4
251–300,The University of Western AustraliaAustralia,45.2–46.9,77.9,72.9,93.9,22.3,16.4
251–300,TU Dortmund UniversityGermany,45.2–46.9,65.3,81.0,45.4,36.0,26.6
251–300,Ulm UniversityGermany,45.2–46.9,77.4,71.4,45.9,28.3,23.7
251–300,Ulsan National Institute of Science and Technology (UNIST)South KoreaExplore,45.2–46.9,69.7,88.2,41.6,26.6,29.0
251–300,Università della Svizzera italianaSwitzerland,45.2–46.9,70.3,67.2,97.7,21.3,26.6
251–300,Université Paris CitéFranceExplore,45.2–46.9,56.2,67.8,83.5,32.5,35.1
251–300,University of BernSwitzerland,45.2–46.9,65.8,80.3,86.8,28.1,24.0
251–300,University of BradfordUnited Kingdom,45.2–46.9,89.4,58.1,95.8,15.4,16.2
251–300,University of DelawareUnited States,45.2–46.9,71.5,82.3,73.0,21.4,26.4
251–300,University of GalwayIreland,45.2–46.9,82.0,85.0,68.0,21.0,21.3
251–300,University of GenevaSwitzerland,45.2–46.9,60.3,98.3,93.2,26.0,27.9
251–300,University of GranadaSpain,45.2–46.9,81.8,53.5,50.4,23.0,29.7
251–300,University of KaiserslauternGermany,45.2–46.9,63.5,92.7,58.6,28.5,29.0
251–300,University of KonstanzGermany,45.2–46.9,58.7,96.8,72.3,30.5,29.0
251–300,University of NewcastleAustraliaExplore,45.2–46.9,80.2,64.6,93.8,19.9,21.5
251–300,University of PisaItaly,45.2–46.9,74.2,67.3,39.5,29.8,28.0
251–300,University of Pittsburgh-Pittsburgh campusUnited States,45.2–46.9,75.6,67.9,70.2,27.3,26.2
251–300,University of PotsdamGermany,45.2–46.9,62.3,98.3,45.5,32.6,28.3
251–300,University of WollongongAustralia,45.2–46.9,76.6,69.5,97.6,20.9,19.5
251–300,Uppsala UniversitySweden,45.2–46.9,68.0,71.4,77.8,28.9,27.2
251–300,Waseda UniversityJapanExplore,45.2–46.9,62.8,71.3,51.7,29.6,40.0
251–300,Western UniversityCanadaExplore,45.2–46.9,70.7,73.2,88.1,24.2,22.4
251–300,Yeungnam UniversitySouth Korea,45.2–46.9,92.5,58.1,53.9,21.4,18.1
301–400,Abu Dhabi UniversityUnited Arab EmiratesExplore,41.0–45.1,52.3,20.2,95.4,31.7,43.6
301–400,Ajman UniversityUnited Arab Emirates,41.0–45.1,85.1,24.6,99.4,20.0,19.3
301–400,"Amity University, NoidaIndia",41.0–45.1,91.0,34.7,41.4,18.6,22.3
301–400,Aston UniversityUnited Kingdom,41.0–45.1,84.1,45.8,95.4,16.6,15.0
301–400,Aswan UniversityEgypt,41.0–45.1,92.8,32.4,50.4,16.7,20.8
301–400,Bar-Ilan UniversityIsrael,41.0–45.1,63.2,99.3,47.1,35.5,20.3
301–400,Beijing Normal UniversityChina,41.0–45.1,59.0,64.1,35.2,25.1,35.6
301–400,Carleton UniversityCanada,41.0–45.1,66.7,98.3,76.1,24.4,19.9
301–400,Charles Darwin UniversityAustralia,41.0–45.1,96.5,26.8,84.2,18.2,14.8
301–400,Chung-Ang UniversitySouth KoreaExplore,41.0–45.1,57.6,93.5,44.2,29.6,27.8
301–400,"City, University of LondonUnited Kingdom",41.0–45.1,69.9,59.8,93.1,17.9,22.4
301–400,Curtin UniversityAustraliaExplore,41.0–45.1,63.8,69.6,94.1,15.9,25.0
301–400,De Montfort UniversityUnited Kingdom,41.0–45.1,86.8,36.0,98.3,10.3,14.0
301–400,Dublin City UniversityIreland,41.0–45.1,74.2,61.9,75.3,19.8,21.4
301–400,Durham UniversityUnited Kingdom,41.0–45.1,65.8,48.1,96.4,21.8,27.2
301–400,East China Normal UniversityChina,41.0–45.1,69.8,88.1,39.6,23.1,23.3
301–400,Florida International UniversityUnited States,41.0–45.1,78.3,63.5,46.4,24.6,18.3
301–400,Free University of Bozen-BolzanoItalyExplore,41.0–45.1,77.1,37.3,84.4,21.9,29.1
301–400,George Mason UniversityUnited States,41.0–45.1,81.1,64.0,67.3,17.9,16.6
301–400,Gwangju Institute of Science and Technology (GIST)South Korea,41.0–45.1,54.3,98.8,34.4,32.4,26.6
301–400,Heriot-Watt UniversityUnited Kingdom,41.0–45.1,71.9,66.3,92.3,20.4,24.6
301–400,Illinois Institute of TechnologyUnited States,41.0–45.1,80.3,65.1,77.4,18.5,16.8
301–400,IMT AtlantiqueFrance,41.0–45.1,45.8,96.3,76.4,29.7,36.2
301–400,Iran University of Science and TechnologyIran,41.0–45.1,77.4,85.8,32.3,22.4,20.2
301–400,ITMO UniversityRussian Federation,41.0–45.1,36.8,73.6,67.4,34.2,45.1
301–400,Jamia Millia IslamiaIndia,41.0–45.1,91.9,44.1,30.2,14.5,23.9
301–400,Keio UniversityJapan,41.0–45.1,38.0,88.8,34.2,39.3,39.2
301–400,Kyungpook National University (KNU)South KoreaExplore,41.0–45.1,60.6,95.5,52.0,28.3,19.4
301–400,Kyushu UniversityJapan,41.0–45.1,45.1,93.8,60.1,30.1,34.5
301–400,LUT UniversityFinlandExplore,41.0–45.1,75.9,34.8,75.0,22.7,20.7
301–400,Memorial University of NewfoundlandCanadaExplore,41.0–45.1,81.1,61.2,95.8,18.2,19.5
301–400,Mississippi State UniversityUnited States,41.0–45.1,81.8,56.0,63.8,24.7,19.5
301–400,Missouri University of Science and TechnologyUnited States,41.0–45.1,76.8,67.5,82.0,21.7,15.5
301–400,National Taiwan University of Science and Technology (Taiwan Tech)Taiwan,41.0–45.1,70.3,97.3,41.5,30.1,21.8
301–400,National University of Sciences and TechnologyPakistan,41.0–45.1,70.4,65.3,52.3,27.0,22.0
301–400,Northumbria UniversityUnited Kingdom,41.0–45.1,83.2,47.0,94.8,15.7,15.2
301–400,Pontifical Catholic University of Rio de Janeiro (PUC-Rio)Brazil,41.0–45.1,50.1,82.5,41.7,30.3,30.9
301–400,Prince Sultan University (PSU)Saudi ArabiaExplore,41.0–45.1,87.6,33.6,83.2,14.2,14.3
301–400,Qassim UniversitySaudi ArabiaExplore,41.0–45.1,56.9,33.0,74.6,26.4,38.3
301–400,Queen’s UniversityCanadaExplore,41.0–45.1,58.8,79.4,74.8,27.5,26.9
301–400,Queen’s University BelfastUnited KingdomExplore,41.0–45.1,76.6,63.1,95.9,18.6,16.2
301–400,"Royal Holloway, University of LondonUnited Kingdom",41.0–45.1,61.0,61.5,94.4,21.0,23.1
301–400,Sichuan UniversityChina,41.0–45.1,71.3,90.8,39.4,25.1,23.8
301–400,South China University of TechnologyChina,41.0–45.1,79.5,80.8,51.5,21.0,17.3
301–400,Symbiosis International UniversityIndiaExplore,41.0–45.1,90.7,21.6,53.5,14.9,23.8
301–400,The University of JordanJordanExplore,41.0–45.1,89.5,32.3,62.9,12.5,20.1
301–400,Toronto Metropolitan UniversityCanadaExplore,41.0–45.1,71.0,66.6,72.8,20.3,17.2
301–400,TU BraunschweigGermany,41.0–45.1,71.7,73.2,50.2,20.5,23.9
301–400,United Arab Emirates UniversityUnited Arab EmiratesExplore,41.0–45.1,68.5,71.2,78.8,22.1,18.5
301–400,Universitat Politècnica de CatalunyaSpain,41.0–45.1,59.6,72.3,53.3,29.2,36.1
301–400,Université LavalCanada,41.0–45.1,62.2,99.0,76.0,25.4,17.4
301–400,Université Libre de BruxellesBelgium,41.0–45.1,55.0,62.1,82.8,34.7,31.4
301–400,Universiti Kebangsaan MalaysiaMalaysia,41.0–45.1,76.2,54.8,85.7,16.8,29.8
301–400,Universiti Teknologi MalaysiaMalaysia,41.0–45.1,66.6,60.7,73.0,23.1,29.2
301–400,University of AberdeenUnited Kingdom,41.0–45.1,69.6,70.9,97.6,19.5,24.7
301–400,University of AntwerpBelgium,41.0–45.1,60.1,89.0,64.7,29.9,25.3
301–400,University of BathUnited Kingdom,41.0–45.1,63.4,59.0,89.8,19.8,27.2
301–400,University of BremenGermany,41.0–45.1,58.0,63.1,54.0,27.5,28.5
301–400,University of CalgaryCanada,41.0–45.1,64.2,69.1,87.9,23.9,23.4
301–400,University of CampinasBrazil,41.0–45.1,50.2,76.7,40.4,37.5,39.9
301–400,University of CórdobaSpain,41.0–45.1,89.8,54.8,53.2,17.1,21.6
301–400,University of CreteGreece,41.0–45.1,67.2,89.7,36.7,25.9,19.6
301–400,University of Duisburg-EssenGermany,41.0–45.1,66.9,84.4,52.9,26.5,22.5
301–400,"University of Engineering and Technology, TaxilaPakistan",41.0–45.1,89.1,35.0,47.0,18.6,17.6
301–400,University of ExeterUnited Kingdom,41.0–45.1,82.3,52.7,94.6,16.5,20.8
301–400,University of Georgia (USA)United States,41.0–45.1,81.5,61.6,52.9,21.1,17.8
301–400,University of GöttingenGermany,41.0–45.1,55.5,74.0,62.6,29.9,30.3
301–400,University of GuelphCanada,41.0–45.1,92.4,62.9,65.9,16.6,13.2
301–400,University of InnsbruckAustria,41.0–45.1,71.1,75.1,91.7,23.9,19.3
301–400,University of IowaUnited States,41.0–45.1,70.6,72.2,74.0,26.2,20.4
301–400,University of JaénSpain,41.0–45.1,94.3,40.9,50.7,16.8,17.1
301–400,University of KentuckyUnited States,41.0–45.1,72.2,76.4,54.8,19.9,21.7
301–400,University of LiègeBelgium,41.0–45.1,71.6,83.7,55.8,27.6,21.8
301–400,"University of Maryland, Baltimore CountyUnited States",41.0–45.1,70.2,72.8,52.6,24.8,23.6
301–400,University of Naples Federico IIItaly,41.0–45.1,76.0,65.5,31.0,23.4,24.3
301–400,University of Nebraska-LincolnUnited States,41.0–45.1,58.6,71.4,78.2,24.5,25.2
301–400,University of New Brunswick UNBCanada,41.0–45.1,74.7,89.5,85.2,18.8,13.2
301–400,University of OregonUnited States,41.0–45.1,86.6,47.4,65.0,21.3,21.3
301–400,University of PortoPortugal,41.0–45.1,57.8,84.5,41.8,32.0,25.0
301–400,University of ReadingUnited Kingdom,41.0–45.1,75.2,57.9,92.5,19.1,22.8
301–400,University of SalfordUnited Kingdom,41.0–45.1,83.3,47.4,95.1,11.4,18.0
301–400,University of São PauloBrazil,41.0–45.1,44.6,67.4,39.9,36.6,45.0
301–400,University of SaskatchewanCanadaExplore,41.0–45.1,68.9,78.9,84.5,24.2,20.9
301–400,University of Southern QueenslandAustralia,41.0–45.1,77.5,42.7,96.0,17.7,18.3
301–400,University of St GallenSwitzerland,41.0–45.1,76.2,65.0,92.8,14.6,18.7
301–400,University of StrathclydeUnited Kingdom,41.0–45.1,72.5,66.9,85.8,21.3,20.5
301–400,University of TartuEstoniaExplore,41.0–45.1,71.7,55.7,75.0,21.9,28.0
301–400,University of Texas at ArlingtonUnited States,41.0–45.1,74.0,65.4,74.0,16.8,18.4
301–400,University of UtahUnited States,41.0–45.1,62.2,68.8,50.7,35.5,25.6
301–400,University of WindsorCanada,41.0–45.1,75.9,56.9,87.3,20.2,14.0
301–400,UPESIndia,41.0–45.1,80.4,20.9,46.6,20.4,33.3
301–400,Victoria UniversityAustralia,41.0–45.1,79.0,57.8,78.6,17.0,14.8
301–400,Victoria University of WellingtonNew Zealand,41.0–45.1,75.8,51.8,79.1,24.9,22.1
301–400,Vrije Universiteit BrusselBelgium,41.0–45.1,64.2,78.6,78.3,31.6,16.6
301–400,Washington State UniversityUnited States,41.0–45.1,75.0,67.7,68.4,21.4,15.6
301–400,Wayne State UniversityUnited States,41.0–45.1,72.4,70.2,60.5,19.4,21.1
301–400,William & MaryUnited States,41.0–45.1,76.7,66.5,57.6,14.9,23.1
301–400,Worcester Polytechnic InstituteUnited States,41.0–45.1,74.9,67.6,51.3,23.8,22.2
301–400,Zayed UniversityUnited Arab Emirates,41.0–45.1,74.3,35.8,75.6,24.0,28.9
401–500,Al-Ahliyya Amman UniversityJordanExplore,37.5–40.9,83.1,20.9,85.0,12.7,16.4
401–500,Al-Balqa Applied UniversityJordan,37.5–40.9,87.2,33.3,58.2,13.1,12.1
401–500,Aligarh Muslim UniversityIndia,37.5–40.9,70.7,49.2,42.2,14.3,24.9
401–500,Aristotle University of ThessalonikiGreece,37.5–40.9,64.7,72.6,30.2,23.1,20.4
401–500,Ben-Gurion University of the NegevIsrael,37.5–40.9,58.2,86.2,35.1,21.3,23.1
401–500,Benha UniversityEgypt,37.5–40.9,85.6,29.1,49.9,12.4,20.4
401–500,Boğaziçi UniversityTurkey,37.5–40.9,57.0,93.4,35.4,26.2,22.7
401–500,Carlos III University of MadridSpainExplore,37.5–40.9,53.3,62.7,52.2,20.2,29.6
401–500,Centrale NantesFrance,37.5–40.9,51.4,89.2,80.0,19.1,26.6
401–500,Charles UniversityCzechia,37.5–40.9,46.2,43.0,73.5,26.0,32.3
401–500,Chongqing UniversityChina,37.5–40.9,68.6,92.3,33.7,25.7,15.5
401–500,Chulalongkorn UniversityThailandExplore,37.5–40.9,45.8,73.4,32.4,25.1,36.0
401–500,COMSATS University IslamabadPakistan,37.5–40.9,82.7,36.3,51.3,13.2,15.9
401–500,Daegu Gyeongbuk Institute of Science and Technology (DGIST)South Korea,37.5–40.9,55.4,85.8,29.2,28.4,30.0
401–500,Dalhousie UniversityCanadaExplore,37.5–40.9,58.3,60.2,93.3,18.8,19.6
401–500,École Nationale des Ponts et Chaussées - Institut Polytechnique de ParisFrance,37.5–40.9,57.9,76.3,62.8,15.8,24.3
401–500,Edinburgh Napier UniversityUnited Kingdom,37.5–40.9,76.2,35.9,92.9,12.6,15.7
401–500,Edith Cowan UniversityAustraliaExplore,37.5–40.9,81.6,54.5,84.6,12.5,13.1
401–500,Federation University AustraliaAustralia,37.5–40.9,70.3,58.8,91.1,13.9,16.2
401–500,Flinders UniversityAustralia,37.5–40.9,61.2,53.0,95.2,21.0,18.3
401–500,Friedrich Schiller University JenaGermanyExplore,37.5–40.9,56.3,59.3,44.4,27.5,26.3
401–500,Hasselt UniversityBelgium,37.5–40.9,54.5,68.7,52.0,24.8,23.2
401–500,Imam Abdulrahman Bin Faisal UniversitySaudi Arabia,37.5–40.9,61.2,19.7,71.4,19.3,29.0
401–500,Imam Mohammad Ibn Saud Islamic UniversitySaudi Arabia,37.5–40.9,49.0,23.6,64.8,21.9,38.9
401–500,Indian Institute of Technology IndoreIndia,37.5–40.9,77.8,36.2,40.0,18.3,20.6
401–500,"International Institute of Information Technology, HyderabadIndia",37.5–40.9,69.9,63.2,42.1,19.7,22.5
401–500,Isfahan University of TechnologyIran,37.5–40.9,63.3,86.2,46.3,22.1,13.1
401–500,Jahangirnagar UniversityBangladesh,37.5–40.9,85.1,22.6,63.7,10.7,21.0
401–500,Jeju National UniversitySouth Korea,37.5–40.9,68.6,48.4,51.2,18.4,22.6
401–500,KIIT UniversityIndiaExplore,37.5–40.9,85.9,28.9,45.1,12.9,24.4
401–500,King Faisal UniversitySaudi Arabia,37.5–40.9,87.4,20.2,75.0,11.1,17.9
401–500,Liverpool John Moores UniversityUnited Kingdom,37.5–40.9,81.1,42.5,87.3,11.2,14.6
401–500,Maastricht UniversityNetherlandsExplore,37.5–40.9,55.2,65.5,94.9,24.6,17.1
401–500,Majmaah UniversitySaudi Arabia,37.5–40.9,65.3,32.9,74.5,17.8,23.9
401–500,Manchester Metropolitan UniversityUnited Kingdom,37.5–40.9,88.7,32.1,83.2,11.1,12.6
401–500,Mansoura UniversityEgypt,37.5–40.9,87.3,28.7,75.1,13.6,13.9
401–500,Murdoch UniversityAustralia,37.5–40.9,69.3,59.7,94.0,11.3,12.0
401–500,Nanjing University of Aeronautics and AstronauticsChina,37.5–40.9,58.6,95.6,29.0,22.2,19.0
401–500,Nanjing University of Information Science and TechnologyChina,37.5–40.9,79.2,64.9,43.4,16.9,14.7
401–500,National Taiwan Normal UniversityTaiwanExplore,37.5–40.9,63.3,75.0,40.8,28.9,18.4
401–500,"Northeastern University, ChinaChina",37.5–40.9,61.9,65.4,47.8,21.4,20.3
401–500,Nottingham Trent UniversityUnited Kingdom,37.5–40.9,78.6,26.9,93.0,9.6,14.3
401–500,Oklahoma State UniversityUnited States,37.5–40.9,85.7,51.1,71.7,13.4,12.4
401–500,Old Dominion UniversityUnited States,37.5–40.9,75.4,60.8,50.7,22.6,13.3
401–500,Peter the Great St Petersburg Polytechnic UniversityRussian Federation,37.5–40.9,36.5,63.9,59.7,27.3,35.8
401–500,Polytechnic University of ValenciaSpainExplore,37.5–40.9,54.7,95.1,52.3,26.8,20.6
401–500,Prince Sattam Bin Abdulaziz UniversitySaudi Arabia,37.5–40.9,74.6,22.3,77.4,11.9,21.6
401–500,Princess Nourah bint Abdulrahman UniversitySaudi Arabia,37.5–40.9,79.0,31.2,88.6,13.9,20.0
401–500,Pusan National UniversitySouth Korea,37.5–40.9,52.1,92.6,39.4,30.3,25.3
401–500,Sabancı UniversityTurkey,37.5–40.9,50.9,95.6,49.9,28.4,19.8
401–500,Shanghai UniversityChina,37.5–40.9,59.4,96.2,29.2,31.1,19.5
401–500,Stockholm UniversitySweden,37.5–40.9,64.8,52.1,60.0,23.1,21.2
401–500,Sunway UniversityMalaysia,37.5–40.9,81.2,33.4,72.8,15.0,13.7
401–500,SUNY University at AlbanyUnited States,37.5–40.9,70.2,67.5,65.2,15.4,15.8
401–500,Syracuse UniversityUnited States,37.5–40.9,71.6,59.2,60.7,15.1,17.2
401–500,Taif UniversitySaudi Arabia,37.5–40.9,84.3,22.5,79.3,11.8,15.4
401–500,Tecnológico de MonterreyMexicoExplore,37.5–40.9,66.6,70.2,54.7,17.1,16.6
401–500,Texas Tech UniversityUnited States,37.5–40.9,66.0,63.0,81.4,19.7,19.3
401–500,Thapar Institute of Engineering and TechnologyIndia,37.5–40.9,93.7,30.1,37.9,12.0,17.5
401–500,The University of AizuJapan,37.5–40.9,68.5,54.2,75.3,13.2,24.8
401–500,Tilburg UniversityNetherlandsExplore,37.5–40.9,66.8,68.1,85.2,19.7,15.9
401–500,Ton Duc Thang UniversityVietnam,37.5–40.9,88.7,28.1,55.3,10.4,14.9
401–500,Tufts UniversityUnited States,37.5–40.9,59.1,63.8,53.4,21.9,21.0
401–500,Université Côte d'AzurFranceExplore,37.5–40.9,50.7,66.6,81.0,18.8,29.5
401–500,University of ArizonaUnited States,37.5–40.9,63.4,66.9,65.6,21.9,21.8
401–500,University of ArkansasUnited States,37.5–40.9,64.5,62.7,45.8,27.4,12.1
401–500,University of BayreuthGermany,37.5–40.9,74.0,54.6,55.3,21.8,19.8
401–500,University of BordeauxFranceExplore,37.5–40.9,45.4,59.3,66.4,27.2,26.6
401–500,University of CagliariItaly,37.5–40.9,76.8,62.0,36.3,18.1,21.8
401–500,University of CalabriaItaly,37.5–40.9,75.0,45.0,40.6,19.8,27.2
401–500,University of Eastern FinlandFinland,37.5–40.9,70.4,55.4,61.5,19.2,20.9
401–500,University of FlorenceItaly,37.5–40.9,61.5,79.2,40.1,19.1,21.9
401–500,University of GenoaItaly,37.5–40.9,54.8,81.9,46.9,20.8,24.2
401–500,University of HamburgGermany,37.5–40.9,59.2,65.5,50.0,26.5,27.2
401–500,University of HoustonUnited States,37.5–40.9,71.9,67.2,86.8,18.0,14.0
401–500,University of JohannesburgSouth Africa,37.5–40.9,77.0,36.0,77.8,20.2,18.1
401–500,University of KentUnited Kingdom,37.5–40.9,59.1,58.9,93.4,15.6,20.5
401–500,University of LincolnUnited Kingdom,37.5–40.9,74.2,44.2,88.9,12.3,13.6
401–500,University of LisbonPortugal,37.5–40.9,58.9,74.2,46.2,23.9,21.0
401–500,University of MessinaItaly,37.5–40.9,72.2,58.4,51.7,20.4,13.7
401–500,University of Milan-BicoccaItaly,37.5–40.9,71.5,53.1,41.6,17.3,22.6
401–500,University of Modena and Reggio EmiliaItaly,37.5–40.9,78.8,84.7,33.6,22.3,10.1
401–500,University of MünsterGermany,37.5–40.9,47.9,74.9,43.0,32.7,31.3
401–500,University of North Carolina at CharlotteUnited States,37.5–40.9,77.0,67.1,59.5,15.3,19.2
401–500,University of OtagoNew Zealand,37.5–40.9,64.7,49.5,78.7,16.9,21.8
401–500,University of PassauGermany,37.5–40.9,52.3,72.3,69.9,23.5,26.3
401–500,University of PlymouthUnited Kingdom,37.5–40.9,71.3,56.4,92.9,15.4,14.8
401–500,University of PortsmouthUnited Kingdom,37.5–40.9,74.8,40.2,94.4,10.0,18.2
401–500,University of ReginaCanada,37.5–40.9,82.3,51.4,72.6,15.5,14.5
401–500,University of Rennes 1France,37.5–40.9,47.5,72.0,60.6,26.9,32.7
401–500,University of SalernoItaly,37.5–40.9,77.5,58.3,34.2,18.3,19.5
401–500,University of SienaItaly,37.5–40.9,60.0,72.6,41.8,22.9,23.6
401–500,University of Southern DenmarkDenmark,37.5–40.9,56.5,81.4,68.8,20.0,23.0
401–500,University of South FloridaUnited States,37.5–40.9,72.8,68.7,77.6,21.0,12.3
401–500,University of SussexUnited Kingdom,37.5–40.9,63.3,48.0,93.4,18.2,20.8
401–500,University of TabrizIran,37.5–40.9,81.1,27.8,56.8,13.6,19.6
401–500,University of TasmaniaAustralia,37.5–40.9,57.3,67.3,94.7,15.4,22.5
401–500,University of Texas at DallasUnited States,37.5–40.9,75.2,67.7,63.8,15.0,17.3
401–500,University of ToulouseFrance,37.5–40.9,48.5,59.5,66.7,26.0,33.5
401–500,University of TurkuFinlandExplore,37.5–40.9,75.9,50.6,54.1,18.9,21.0
401–500,VIT UniversityIndia,37.5–40.9,81.7,32.0,37.9,16.0,27.7
401–500,Western Sydney UniversityAustralia,37.5–40.9,65.1,45.2,93.5,15.9,21.3
401–500,Yıldız Technical UniversityTurkeyExplore,37.5–40.9,54.7,71.7,51.8,25.2,23.5
501–600,Abdul Wali Khan University MardanPakistan,34.8–37.2,88.6,20.0,50.8,10.4,15.7
501–600,Air UniversityPakistan,34.8–37.2,84.2,41.7,50.0,10.1,10.8
501–600,American University of BeirutLebanon,34.8–37.2,53.8,84.4,58.9,17.8,14.4
501–600,Applied Science Private UniversityJordanExplore,34.8–37.2,83.3,23.3,72.7,9.0,14.2
501–600,Athens University of Economics and BusinessGreece,34.8–37.2,66.6,65.8,37.9,17.9,12.9
501–600,Autonomous University of MadridSpain,34.8–37.2,64.8,56.9,48.0,14.4,18.5
501–600,Bilkent UniversityTurkey,34.8–37.2,49.9,71.9,49.6,21.6,22.9
501–600,Brno University of TechnologyCzechia,34.8–37.2,50.3,68.3,58.2,26.1,19.2
501–600,Chengdu UniversityChina,34.8–37.2,80.0,54.3,35.9,12.5,9.7
501–600,Claude Bernard University Lyon 1France,34.8–37.2,44.0,70.5,68.3,24.6,20.7
501–600,Colorado School of MinesUnited States,34.8–37.2,62.5,49.4,33.6,22.7,20.7
501–600,CY Cergy Paris UniversityFrance,34.8–37.2,45.7,60.9,82.6,26.5,18.5
501–600,Czech Technical University in PragueCzechia,34.8–37.2,50.6,64.7,63.5,21.9,19.5
501–600,Donghua UniversityChina,34.8–37.2,60.1,82.7,41.0,20.8,13.0
501–600,Duy Tan UniversityVietnam,34.8–37.2,89.0,27.0,52.7,9.5,9.6
501–600,ENSTA BretagneFrance,34.8–37.2,41.8,84.3,56.8,22.1,24.9
501–600,Federal University of Rio de JaneiroBrazil,34.8–37.2,39.6,59.9,41.4,28.0,29.2
501–600,Firat UniversityTurkey,34.8–37.2,86.6,28.7,29.4,9.1,15.1
501–600,Florida State UniversityUnited States,34.8–37.2,62.2,56.5,63.5,14.5,20.9
501–600,Fu Jen Catholic UniversityTaiwan,34.8–37.2,47.2,91.6,26.7,24.6,20.6
501–600,Gachon UniversitySouth Korea,34.8–37.2,67.9,43.1,56.8,15.8,19.7
501–600,Georgetown UniversityUnited States,34.8–37.2,57.8,59.1,68.5,15.3,21.8
501–600,Georgia State UniversityUnited States,34.8–37.2,61.1,46.2,77.0,13.8,17.0
501–600,Guangdong University of TechnologyChina,34.8–37.2,73.8,61.1,30.2,17.6,10.2
501–600,Guangzhou UniversityChina,34.8–37.2,73.3,50.8,40.2,13.8,15.1
501–600,Harbin Engineering UniversityChina,34.8–37.2,48.9,94.8,22.8,26.7,15.9
501–600,HSE UniversityRussian Federation,34.8–37.2,40.1,73.6,40.0,22.0,30.8
501–600,Indian Institute of Technology PatnaIndia,34.8–37.2,72.9,28.9,25.8,17.6,20.4
501–600,"International Islamic University, IslamabadPakistan",34.8–37.2,83.6,24.2,53.2,9.2,11.4
501–600,Jouf UniversitySaudi Arabia,34.8–37.2,74.1,20.3,77.2,10.3,19.1
501–600,Kalasalingam Academy of Research and EducationIndia,34.8–37.2,85.4,24.4,34.9,8.4,21.0
501–600,Kansas State UniversityUnited States,34.8–37.2,50.2,63.0,54.1,18.7,23.1
501–600,King Mongkut's University of Technology North BangkokThailand,34.8–37.2,54.5,43.1,31.9,26.2,26.3
501–600,Konkuk UniversitySouth Korea,34.8–37.2,46.5,92.8,33.7,29.1,20.7
501–600,Lovely Professional UniversityIndiaExplore,34.8–37.2,84.2,19.9,37.3,11.1,16.1
501–600,Massey UniversityNew Zealand,34.8–37.2,58.2,47.0,89.6,11.0,24.0
501–600,Middlesex UniversityUnited Kingdom,34.8–37.2,69.1,38.6,94.5,10.1,15.5
501–600,Minia UniversityEgypt,34.8–37.2,86.5,28.7,49.9,11.0,14.6
501–600,Montpellier UniversityFrance,34.8–37.2,51.2,60.7,64.7,18.6,23.7
501–600,National and Kapodistrian University of AthensGreece,34.8–37.2,57.5,70.8,55.4,18.7,17.7
501–600,National Cheng Kung University (NCKU)Taiwan,34.8–37.2,39.5,97.2,28.6,26.6,28.8
501–600,National Research Nuclear University MEPhIRussian Federation,34.8–37.2,30.2,59.6,66.9,24.1,36.6
501–600,National Sun Yat-Sen UniversityTaiwan,34.8–37.2,47.7,79.2,42.1,25.8,19.7
501–600,Nazarbayev UniversityKazakhstanExplore,34.8–37.2,64.0,40.0,68.8,24.5,14.4
501–600,Obuda UniversityHungary,34.8–37.2,78.2,26.1,40.9,17.4,15.2
501–600,Ozyegin UniversityTurkey,34.8–37.2,58.3,73.8,47.3,21.3,16.4
501–600,Pontificia Universidad Católica de ChileChile,34.8–37.2,55.5,72.4,55.5,22.7,19.3
501–600,Qingdao UniversityChina,34.8–37.2,86.0,50.1,31.4,11.6,10.0
501–600,Quaid-i-Azam UniversityPakistan,34.8–37.2,77.6,19.4,59.6,16.3,16.1
501–600,Rochester Institute of TechnologyUnited States,34.8–37.2,66.5,56.4,50.9,14.7,20.2
501–600,Saveetha Institute of Medical and Technical SciencesIndiaExplore,34.8–37.2,84.9,20.3,44.0,10.3,18.4
501–600,Savitribai Phule Pune UniversityIndia,34.8–37.2,78.8,62.2,21.5,7.4,23.4
501–600,Shiraz UniversityIran,34.8–37.2,63.7,67.6,35.8,19.7,16.8
501–600,Southwest Jiaotong UniversityChina,34.8–37.2,60.3,76.7,27.1,15.9,21.3
501–600,Stellenbosch UniversitySouth Africa,34.8–37.2,63.7,50.8,50.7,21.9,15.2
501–600,Technical University of MadridSpain,34.8–37.2,53.0,67.1,54.6,21.0,20.9
501–600,Technische Universität IlmenauGermany,34.8–37.2,50.4,69.7,41.6,20.9,23.7
501–600,The Hashemite UniversityJordanExplore,34.8–37.2,80.6,32.2,58.8,10.1,10.9
501–600,Umeå UniversitySweden,34.8–37.2,52.4,46.4,55.3,21.2,24.0
501–600,Umm Al-Qura UniversitySaudi ArabiaExplore,34.8–37.2,74.1,32.7,64.0,14.0,16.1
501–600,Universidade Federal do Rio Grande do SulBrazil,34.8–37.2,50.4,70.5,39.1,21.8,28.9
501–600,Universitat Autònoma de Barcelona (UAB)Spain,34.8–37.2,58.8,66.8,53.7,17.0,23.5
501–600,Universiti Putra MalaysiaMalaysia,34.8–37.2,46.8,48.3,65.3,19.2,27.6
501–600,University College CorkIreland,34.8–37.2,52.2,64.0,82.1,19.6,14.1
501–600,University of Bari Aldo MoroItaly,34.8–37.2,74.6,49.2,29.1,19.0,14.1
501–600,University of BergenNorway,34.8–37.2,45.1,54.3,74.0,27.2,24.3
501–600,University of ChileChile,34.8–37.2,51.6,75.9,63.7,23.1,14.9
501–600,University of CoimbraPortugal,34.8–37.2,55.8,69.4,39.9,21.2,23.3
501–600,University of ConnecticutUnited States,34.8–37.2,59.6,72.8,63.3,21.0,12.2
501–600,University of CyprusCyprusExplore,34.8–37.2,57.2,87.1,55.3,18.4,16.6
501–600,University of GothenburgSweden,34.8–37.2,48.5,61.9,77.8,19.5,18.5
501–600,University of GreenwichUnited Kingdom,34.8–37.2,71.6,28.1,97.6,9.6,12.1
501–600,University of Ha’ilSaudi Arabia,34.8–37.2,78.3,25.5,77.9,8.8,16.0
501–600,University of HuddersfieldUnited Kingdom,34.8–37.2,58.4,38.6,92.9,15.9,18.3
501–600,University of JyväskyläFinland,34.8–37.2,67.9,35.6,42.0,17.6,20.8
501–600,University of KansasUnited States,34.8–37.2,57.4,64.0,71.9,18.5,15.2
501–600,University of KwaZulu-NatalSouth Africa,34.8–37.2,70.5,33.3,50.4,19.2,18.7
501–600,University of LilleFrance,34.8–37.2,42.4,66.3,68.9,22.4,28.5
501–600,University of LorraineFrance,34.8–37.2,46.5,70.7,67.4,17.2,29.7
501–600,University of MemphisUnited States,34.8–37.2,47.4,58.1,51.4,23.7,23.7
501–600,University of MiamiUnited States,34.8–37.2,51.5,61.5,84.5,18.8,15.9
501–600,University of MonsBelgium,34.8–37.2,56.0,54.6,66.1,22.6,20.8
501–600,University of PalermoItaly,34.8–37.2,62.4,55.0,32.9,20.1,22.0
501–600,University of Rhode IslandUnited States,34.8–37.2,69.6,53.9,59.8,13.0,16.7
501–600,University of SevilleSpain,34.8–37.2,57.0,70.3,40.3,20.7,17.2
501–600,University of the Basque CountrySpain,34.8–37.2,70.7,52.9,42.9,13.5,20.8
501–600,University of the PunjabPakistan,34.8–37.2,84.4,21.4,49.7,8.9,13.9
501–600,University of TsukubaJapan,34.8–37.2,32.2,68.2,38.7,29.3,40.9
501–600,University of TurinItaly,34.8–37.2,63.7,55.5,37.8,19.6,20.1
501–600,University of WaikatoNew Zealand,34.8–37.2,45.4,67.3,89.0,22.5,18.4
501–600,University of ZaragozaSpain,34.8–37.2,56.6,71.3,42.9,18.8,24.9
501–600,Virginia Commonwealth UniversityUnited States,34.8–37.2,62.3,73.1,42.5,20.6,16.2
501–600,Wenzhou UniversityChina,34.8–37.2,88.8,28.6,42.3,9.3,12.3
501–600,Xi’an Jiaotong-Liverpool UniversityChinaExplore,34.8–37.2,69.2,50.0,71.1,13.1,12.4
501–600,Zagazig UniversityEgypt,34.8–37.2,90.4,25.9,50.4,10.0,11.1
501–600,Zhejiang Normal UniversityChina,34.8–37.2,73.9,60.9,42.3,15.6,12.5
601–800,AGH University of KrakowPoland,28.7–34.7,40.1,63.7,30.0,21.1,25.4
601–800,Ain Shams UniversityEgypt,28.7–34.7,47.6,32.6,52.7,16.3,22.0
601–800,Aix-Marseille UniversityFrance,28.7–34.7,34.5,50.9,84.9,16.0,20.7
601–800,Ajou UniversitySouth Korea,28.7–34.7,45.7,64.5,38.7,21.9,26.4
601–800,Al-Azhar UniversityEgypt,28.7–34.7,55.9,23.6,50.0,19.0,23.7
601–800,Alexandria UniversityEgypt,28.7–34.7,47.3,38.9,48.7,21.4,15.0
601–800,Al-Zaytoonah University of JordanJordan,28.7–34.7,73.4,21.5,46.6,9.2,11.1
601–800,American University of SharjahUnited Arab Emirates,28.7–34.7,51.9,47.2,81.8,17.3,14.8
601–800,Assiut UniversityEgypt,28.7–34.7,55.9,26.4,67.9,11.2,14.8
601–800,Auckland University of TechnologyNew ZealandExplore,28.7–34.7,47.1,42.7,88.2,14.3,16.5
601–800,Babol Noshirvani University of TechnologyIran,28.7–34.7,76.4,31.3,28.2,18.0,8.2
601–800,Bahçeşehir UniversityTurkey,28.7–34.7,50.4,41.8,60.1,15.6,11.7
601–800,Bahria UniversityPakistan,28.7–34.7,67.9,24.1,50.2,8.6,11.2
601–800,Banaras Hindu UniversityIndia,28.7–34.7,55.4,21.0,28.0,15.0,21.6
601–800,Bandung Institute of Technology (ITB)Indonesia,28.7–34.7,37.6,52.3,33.4,24.8,19.5
601–800,Bangladesh University of Engineering and TechnologyBangladesh,28.7–34.7,62.3,39.6,31.4,16.8,21.3
601–800,Bharathiar UniversityIndia,28.7–34.7,52.5,48.9,26.9,21.9,20.6
601–800,Birla Institute of TechnologyIndia,28.7–34.7,66.0,36.7,20.9,15.4,18.4
601–800,"Birla Institute of Technology and Science, PilaniIndia",28.7–34.7,62.8,49.2,33.8,15.4,21.4
601–800,Birmingham City UniversityUnited Kingdom,28.7–34.7,64.3,24.8,94.6,10.0,14.1
601–800,Bournemouth UniversityUnited Kingdom,28.7–34.7,54.8,38.3,91.8,8.3,12.9
601–800,Budapest University of Technology and EconomicsHungary,28.7–34.7,46.8,63.1,35.5,15.8,17.6
601–800,Ca’ Foscari University of VeniceItaly,28.7–34.7,63.4,45.4,50.5,15.4,12.1
601–800,Central Queensland UniversityAustraliaExplore,28.7–34.7,68.7,31.8,76.3,11.8,13.9
601–800,Chang Gung UniversityTaiwan,28.7–34.7,41.9,74.1,26.9,19.1,13.9
601–800,Changsha University of Science and TechnologyChina,28.7–34.7,72.9,43.7,30.1,9.8,9.8
601–800,China University of Petroleum (East China)China,28.7–34.7,61.1,57.3,29.4,13.5,13.0
601–800,Chitkara UniversityIndia,28.7–34.7,88.1,18.3,23.9,8.5,13.8
601–800,Chittagong University of Engineering & TechnologyBangladesh,28.7–34.7,83.7,27.1,27.2,11.1,10.3
601–800,Chosun UniversitySouth Korea,28.7–34.7,54.6,79.8,41.5,16.8,17.3
601–800,Chungbuk National UniversitySouth KoreaExplore,28.7–34.7,42.0,48.5,33.8,17.7,22.6
601–800,Chungnam National UniversitySouth Korea,28.7–34.7,38.0,81.5,22.2,26.3,22.3
601–800,"Colorado State University, Fort CollinsUnited States",28.7–34.7,45.3,68.0,55.8,18.7,21.0
601–800,Complutense University of MadridSpain,28.7–34.7,41.2,44.8,39.1,16.9,23.6
601–800,Covenant UniversityNigeriaExplore,28.7–34.7,53.1,52.5,50.2,17.0,14.7
601–800,Coventry UniversityUnited KingdomExplore,28.7–34.7,63.2,32.5,88.1,10.6,12.1
601–800,Cyprus University of TechnologyCyprus,28.7–34.7,55.5,31.9,57.7,13.6,18.9
601–800,Daffodil International University (DIU)Bangladesh,28.7–34.7,83.1,18.9,43.0,8.3,9.9
601–800,Delhi Technological UniversityIndia,28.7–34.7,72.1,34.2,24.3,18.7,16.0
601–800,Drexel UniversityUnited States,28.7–34.7,44.2,63.1,69.9,16.1,22.4
601–800,Ewha Womans UniversitySouth Korea,28.7–34.7,44.9,87.3,29.4,25.5,13.1
601–800,Federal University of Minas GeraisBrazil,28.7–34.7,33.0,41.8,36.5,18.5,38.3
601–800,Ferdowsi University of MashhadIran,28.7–34.7,54.9,55.3,36.2,17.9,18.1
601–800,Future University in EgyptEgypt,28.7–34.7,63.4,18.9,62.3,10.6,14.2
601–800,Fuzhou UniversityChina,28.7–34.7,57.8,61.9,35.7,15.0,11.2
601–800,Galgotias UniversityIndia,28.7–34.7,78.4,18.2,24.9,7.8,15.1
601–800,Goethe University FrankfurtGermany,28.7–34.7,50.7,47.9,58.4,20.6,21.0
601–800,Government College University FaisalabadPakistan,28.7–34.7,77.1,19.2,50.3,11.5,12.6
601–800,Hacettepe UniversityTurkey,28.7–34.7,53.8,63.9,29.4,19.2,18.4
601–800,Hamburg University of TechnologyGermany,28.7–34.7,51.5,49.0,54.4,16.2,19.8
601–800,Hangzhou Normal UniversityChina,28.7–34.7,56.4,60.5,29.2,12.2,11.6
601–800,Hanoi University of Science and TechnologyVietnam,28.7–34.7,43.5,57.2,39.2,22.0,18.3
601–800,Heinrich Heine University DüsseldorfGermany,28.7–34.7,41.6,39.3,55.8,17.6,20.7
601–800,Hiroshima UniversityJapan,28.7–34.7,31.3,63.3,46.8,21.6,25.0
601–800,Hokkaido UniversityJapan,28.7–34.7,25.9,69.1,44.2,23.4,35.9
601–800,Hosei UniversityJapan,28.7–34.7,54.1,49.3,43.9,17.1,15.3
601–800,Huaqiao UniversityChina,28.7–34.7,63.5,47.2,71.0,14.3,11.0
601–800,Indian Institute of Technology GandhinagarIndia,28.7–34.7,42.2,43.6,28.4,25.3,15.3
601–800,Indraprastha Institute of Information Technology DelhiIndia,28.7–34.7,64.0,39.0,42.3,12.3,16.9
601–800,Inha UniversitySouth Korea,28.7–34.7,47.8,75.6,30.7,25.7,14.7
601–800,Innopolis UniversityRussian Federation,28.7–34.7,43.5,55.2,79.1,20.7,17.2
601–800,Jawaharlal Nehru UniversityIndia,28.7–34.7,50.3,40.4,24.0,16.4,25.8
601–800,Jaypee University of Information TechnologyIndia,28.7–34.7,70.3,24.8,21.7,9.9,12.4
601–800,Jazan UniversitySaudi Arabia,28.7–34.7,68.2,18.8,77.4,7.4,14.1
601–800,Jeonbuk National UniversitySouth KoreaExplore,28.7–34.7,41.4,59.1,30.1,20.4,19.9
601–800,Jiangnan UniversityChinaExplore,28.7–34.7,53.0,67.5,28.3,18.2,9.5
601–800,Jiangsu UniversityChina,28.7–34.7,56.8,45.8,49.6,12.0,23.8
601–800,Jinan University (China)China,28.7–34.7,62.9,43.3,57.7,12.1,19.4
601–800,Jordan University of Science and TechnologyJordan,28.7–34.7,64.1,38.4,52.0,11.8,16.3
601–800,Kafrelsheikh UniversityEgypt,28.7–34.7,79.4,19.6,53.3,8.8,13.2
601–800,Karabük UniversityTurkey,28.7–34.7,71.8,20.5,64.9,10.5,13.0
601–800,Karunya Institute of Technology and SciencesIndia,28.7–34.7,76.7,22.9,21.6,10.0,12.8
601–800,Kazan Federal UniversityRussian Federation,28.7–34.7,45.5,28.3,55.2,15.9,29.2
601–800,Khon Kaen UniversityThailand,28.7–34.7,59.4,25.9,36.7,15.1,15.2
601–800,King Mongkut’s University of Technology ThonburiThailand,28.7–34.7,52.6,64.2,38.7,14.2,12.2
601–800,KL UniversityIndia,28.7–34.7,80.2,19.4,21.7,8.2,14.8
601–800,K.N. Toosi University of TechnologyIran,28.7–34.7,64.8,51.7,30.3,18.9,11.3
601–800,Kobe UniversityJapan,28.7–34.7,25.6,90.1,41.4,19.3,25.0
601–800,Lakehead UniversityCanada,28.7–34.7,64.2,37.3,75.4,16.9,10.8
601–800,Lebanese UniversityLebanon,28.7–34.7,25.4,25.6,63.7,21.7,36.0
601–800,Mahidol UniversityThailand,28.7–34.7,49.4,36.2,48.1,15.5,27.6
601–800,Masaryk UniversityCzechia,28.7–34.7,40.5,40.4,68.2,23.6,22.2
601–800,Maynooth UniversityIreland,28.7–34.7,38.6,55.4,76.2,18.1,14.5
601–800,Menoufia UniversityEgypt,28.7–34.7,75.1,26.5,49.8,8.6,12.8
601–800,Miguel Hernández University of ElcheSpain,28.7–34.7,42.5,55.1,40.8,21.2,13.2
601–800,Mohammed VI Polytechnic UniversityMorocco,28.7–34.7,56.7,50.3,53.1,16.1,22.8
601–800,Moscow Technical University of Communications and InformaticsRussian Federation,28.7–34.7,76.9,39.0,21.0,9.3,14.7
601–800,Moulay Ismail UniversityMorocco,28.7–34.7,73.7,20.2,22.7,9.6,22.4
601–800,Multimedia UniversityMalaysia,28.7–34.7,45.7,63.8,49.0,17.7,23.4
601–800,National Central UniversityTaiwan,28.7–34.7,31.5,86.8,29.4,21.4,22.1
601–800,National University of Computer and Emerging SciencesPakistan,28.7–34.7,60.6,31.1,48.1,8.7,15.1
601–800,New Mexico State University (Main campus)United States,28.7–34.7,36.6,65.1,65.0,24.7,19.7
601–800,North China Electric Power UniversityChina,28.7–34.7,43.9,86.3,28.7,21.7,19.4
601–800,North South UniversityBangladesh,28.7–34.7,71.3,20.7,33.4,8.8,10.3
601–800,NOVA University of LisbonPortugal,28.7–34.7,60.5,56.2,38.3,20.0,14.1
601–800,Oakland UniversityUnited States,28.7–34.7,49.4,51.0,64.8,19.4,13.8
601–800,Ontario Tech UniversityCanada,28.7–34.7,53.8,55.7,66.4,15.3,12.8
601–800,Open University of CataloniaSpain,28.7–34.7,63.8,38.6,48.4,10.5,11.5
601–800,Osmania UniversityIndia,28.7–34.7,53.1,30.7,21.1,19.6,21.4
601–800,Panjab UniversityIndia,28.7–34.7,68.5,37.0,20.1,20.1,17.7
601–800,Paris Lodron Universität SalzburgAustria,28.7–34.7,44.6,52.4,80.0,15.9,22.7
601–800,Public University of NavarreSpain,28.7–34.7,51.8,42.7,48.0,14.8,17.5
601–800,REVA UniversityIndia,28.7–34.7,68.8,32.4,20.5,11.4,9.3
601–800,Riphah International UniversityPakistan,28.7–34.7,72.6,17.9,50.6,6.9,11.5
601–800,Ritsumeikan UniversityJapan,28.7–34.7,43.4,54.1,54.7,12.9,18.3
601–800,Rovira i Virgili UniversitySpain,28.7–34.7,45.1,42.1,62.4,15.9,20.7
601–800,San Diego State UniversityUnited States,28.7–34.7,47.8,65.9,49.3,10.4,16.0
601–800,Seoul National University of Science and Technology (SeoulTech)South Korea,28.7–34.7,52.5,55.0,42.4,25.1,15.9
601–800,Shahid Bahonar University of KermanIran,28.7–34.7,73.9,33.9,33.3,18.5,13.5
601–800,Shahid Beheshti UniversityIran,28.7–34.7,56.7,62.3,31.7,16.6,16.4
601–800,Shahrood University of TechnologyIran,28.7–34.7,53.3,26.0,49.3,12.7,18.9
601–800,Shantou UniversityChina,28.7–34.7,59.2,43.3,38.0,12.4,9.5
601–800,Sharda UniversityIndia,28.7–34.7,70.7,20.2,32.8,8.1,11.2
601–800,Siksha ‘O’ AnusandhanIndiaExplore,28.7–34.7,46.4,31.4,20.8,13.6,29.6
601–800,Silesian University of TechnologyPoland,28.7–34.7,65.7,35.5,33.8,11.8,13.7
601–800,Sogang UniversitySouth Korea,28.7–34.7,40.8,64.2,24.8,27.4,20.9
601–800,"Soochow University, ChinaChinaExplore",28.7–34.7,56.4,70.2,26.1,17.7,16.2
601–800,Soonchunhyang UniversitySouth Korea,28.7–34.7,49.4,62.8,50.7,15.3,18.1
601–800,SRM Institute of Science and TechnologyIndia,28.7–34.7,67.0,20.5,23.4,10.1,19.9
601–800,Sukkur IBA UniversityPakistan,28.7–34.7,73.0,22.8,50.5,18.5,11.8
601–800,Taibah UniversitySaudi Arabia,28.7–34.7,63.8,19.1,72.5,7.8,9.8
601–800,Tallinn University of TechnologyEstonia,28.7–34.7,58.0,34.5,64.0,14.4,18.0
601–800,Tanta UniversityEgypt,28.7–34.7,65.2,19.9,55.9,8.6,12.1
601–800,Teesside UniversityUnited Kingdom,28.7–34.7,64.6,26.3,91.3,7.7,9.8
601–800,The Islamia University of BahawalpurPakistan,28.7–34.7,71.0,19.1,50.1,7.6,11.0
601–800,The Open UniversityUnited Kingdom,28.7–34.7,59.9,37.8,62.5,12.8,17.3
601–800,The University of AlabamaUnited States,28.7–34.7,56.3,52.7,40.6,20.0,16.5
601–800,Tokyo University of Agriculture and TechnologyJapan,28.7–34.7,35.2,76.5,30.5,23.7,18.1
601–800,Tomsk Polytechnic UniversityRussian Federation,28.7–34.7,57.4,21.3,47.6,11.1,24.8
601–800,UiT The Arctic University of NorwayNorway,28.7–34.7,64.8,34.0,60.9,11.2,16.5
601–800,Ulster UniversityUnited Kingdom,28.7–34.7,41.1,69.3,78.0,12.6,12.7
601–800,UNIR – International University of La RiojaSpain,28.7–34.7,59.4,18.7,70.0,9.5,10.2
601–800,Universidade Estadual Paulista (Unesp)Brazil,28.7–34.7,38.6,46.6,40.9,21.0,26.4
601–800,Universitas Gadjah MadaIndonesia,28.7–34.7,32.0,49.0,37.2,20.0,29.0
601–800,Université de Bretagne OccidentaleFrance,28.7–34.7,45.2,50.4,68.4,14.0,20.7
601–800,Université Hassan II de CasablancaMorocco,28.7–34.7,62.7,22.0,23.0,7.8,20.5
601–800,Université Polytechnique Hauts-de-FranceFrance,28.7–34.7,54.0,51.1,83.3,15.5,16.5
601–800,Universiti Malaysia Pahang Al-Sultan Abdullah (UMPSA)Malaysia,28.7–34.7,63.8,29.9,59.5,14.2,22.0
601–800,Universiti Tenaga Nasional (UNITEN)Malaysia,28.7–34.7,58.0,57.0,58.0,12.1,14.8
601–800,Universiti Tun Hussein Onn Malaysia (UTHM)Malaysia,28.7–34.7,53.2,27.1,51.9,13.8,15.4
601–800,Universiti Utara MalaysiaMalaysia,28.7–34.7,41.8,34.3,79.6,17.0,28.3
601–800,University of AlcaláSpain,28.7–34.7,45.6,45.0,52.8,10.9,20.1
601–800,University of AnbarIraq,28.7–34.7,70.8,22.5,43.7,8.2,16.6
601–800,University of Beira InteriorPortugalExplore,28.7–34.7,52.6,52.6,51.1,14.9,11.9
601–800,University of CanterburyNew ZealandExplore,28.7–34.7,41.5,64.2,77.2,19.6,22.5
601–800,University of Cape TownSouth AfricaExplore,28.7–34.7,41.4,66.8,65.5,19.3,23.3
601–800,University of CologneGermany,28.7–34.7,38.4,50.0,62.5,18.3,21.1
601–800,University of DelhiIndia,28.7–34.7,56.2,40.6,23.2,22.2,25.7
601–800,University of DhakaBangladesh,28.7–34.7,71.5,29.3,43.0,10.2,17.4
601–800,"University of Engineering and Technology, PeshawarPakistan",28.7–34.7,61.9,21.6,51.9,9.9,18.5
601–800,University of Engineering & Technology (UET) LahorePakistan,28.7–34.7,55.9,29.9,49.6,10.4,17.6
601–800,University of FribourgSwitzerland,28.7–34.7,45.3,63.0,75.5,17.1,22.7
601–800,University of Hawai’i at MānoaUnited States,28.7–34.7,51.1,66.9,68.3,17.8,16.0
601–800,University of HertfordshireUnited Kingdom,28.7–34.7,59.9,36.6,95.6,8.2,10.7
601–800,University of Hradec KrálovéCzechia,28.7–34.7,75.0,21.2,59.3,9.2,14.4
601–800,University of IlorinNigeria,28.7–34.7,76.7,17.0,45.7,7.0,13.4
601–800,University of IndonesiaIndonesia,28.7–34.7,29.6,58.1,43.0,18.8,32.4
601–800,University of IsfahanIran,28.7–34.7,56.8,34.1,36.4,12.3,17.9
601–800,University of KragujevacSerbia,28.7–34.7,60.7,29.2,37.0,8.2,20.0
601–800,University of L’AquilaItaly,28.7–34.7,56.0,48.6,47.2,13.7,22.8
601–800,University of LimerickIrelandExplore,28.7–34.7,46.4,62.5,81.3,17.5,16.2
601–800,University of LjubljanaSlovenia,28.7–34.7,53.9,64.3,42.4,13.7,17.9
601–800,University of MalagaSpain,28.7–34.7,42.9,59.6,45.4,13.7,19.3
601–800,University of Management and TechnologyPakistan,28.7–34.7,69.3,20.5,50.9,7.4,10.4
601–800,University of MarburgGermany,28.7–34.7,43.4,81.2,48.8,22.6,21.4
601–800,University of MilanItaly,28.7–34.7,48.2,65.5,41.8,19.5,22.0
601–800,University of MinhoPortugal,28.7–34.7,46.5,66.1,29.4,18.5,18.1
601–800,University of MurciaSpain,28.7–34.7,51.2,51.5,41.1,10.9,17.9
601–800,University of ParmaItaly,28.7–34.7,68.5,58.6,34.9,9.7,18.5
601–800,University of PatrasGreece,28.7–34.7,64.7,62.8,29.7,18.0,12.5
601–800,University of PretoriaSouth Africa,28.7–34.7,47.3,58.1,51.1,17.2,15.3
601–800,University of Rome IIIItaly,28.7–34.7,48.9,68.2,37.4,17.7,20.3
601–800,University of Rouen NormandieFrance,28.7–34.7,51.2,39.8,74.0,9.2,19.3
601–800,University of SalamancaSpain,28.7–34.7,58.6,41.9,46.2,16.8,23.0
601–800,University of SalentoItaly,28.7–34.7,55.7,43.5,34.2,14.2,18.8
601–800,University of Santiago de CompostelaSpain,28.7–34.7,49.9,31.3,43.8,12.1,21.9
601–800,University of SfaxTunisia,28.7–34.7,50.8,36.8,41.6,12.9,20.8
601–800,University of St AndrewsUnited Kingdom,28.7–34.7,30.2,50.2,84.5,17.5,29.8
601–800,University of TabukSaudi Arabia,28.7–34.7,67.2,23.9,68.5,8.1,11.3
601–800,University of Texas at El PasoUnited States,28.7–34.7,33.4,52.7,41.2,26.2,20.1
601–800,University of the AegeanGreece,28.7–34.7,55.4,65.7,26.4,12.8,10.6
601–800,UWE Bristol (University of the West of England)United Kingdom,28.7–34.7,64.0,37.8,85.7,9.7,13.8
601–800,University of the WitwatersrandSouth Africa,28.7–34.7,41.6,63.9,62.2,18.1,14.6
601–800,University of Tunis El ManarTunisia,28.7–34.7,40.9,58.5,46.2,17.5,35.1
601–800,University of UdineItaly,28.7–34.7,55.3,43.2,36.5,11.9,24.9
601–800,University of ValenciaSpain,28.7–34.7,42.0,73.1,44.1,14.9,23.4
601–800,University of West BohemiaCzechia,28.7–34.7,47.8,46.5,33.1,18.6,22.3
601–800,University of Western MacedoniaGreece,28.7–34.7,69.4,40.6,26.5,16.7,8.3
601–800,Ural Federal UniversityRussian Federation,28.7–34.7,33.4,55.4,50.3,28.0,22.4
601–800,"Vels Institute of Science, Technology and Advanced Studies (VISTAS)India",28.7–34.7,67.9,17.9,18.6,8.5,17.7
601–800,Verona UniversityItaly,28.7–34.7,54.5,56.6,47.7,13.8,18.8
601–800,VSB - Technical University of OstravaCzechiaExplore,28.7–34.7,47.6,39.4,59.3,19.5,23.0
601–800,Warsaw University of TechnologyPoland,28.7–34.7,37.2,61.3,34.6,16.0,25.5
601–800,Yangzhou UniversityChina,28.7–34.7,55.8,65.7,44.0,12.0,22.3
601–800,Yarmouk UniversityJordan,28.7–34.7,73.6,32.5,46.9,12.3,13.0
601–800,Yazd UniversityIran,28.7–34.7,58.5,35.3,49.7,14.8,14.8
601–800,Yuan Ze UniversityTaiwan,28.7–34.7,50.7,67.0,49.3,14.0,13.1
601–800,Zhejiang Gongshang UniversityChina,28.7–34.7,67.7,44.5,41.8,11.1,16.6
601–800,Zhejiang University of TechnologyChina,28.7–34.7,56.4,73.5,36.9,12.1,12.0
801–1000,Abdelmalek Essaâdi UniversityMorocco,21.5–28.6,44.1,20.3,26.6,8.6,16.3
801–1000,"Adam Mickiewicz University, PoznańPoland",21.5–28.6,32.6,29.0,36.5,19.7,16.1
801–1000,Al-Nahrain UniversityIraq,21.5–28.6,58.9,20.3,26.0,7.9,15.8
801–1000,American International University – BangladeshBangladesh,21.5–28.6,69.1,18.7,27.8,7.7,9.2
801–1000,"Arab Academy for Science, Technology and Maritime TransportEgypt",21.5–28.6,42.7,27.5,41.3,11.3,21.8
801–1000,Babeş-Bolyai UniversityRomania,21.5–28.6,48.7,28.3,28.6,11.8,13.9
801–1000,Badji Mokhtar University – AnnabaAlgeria,21.5–28.6,34.9,21.0,33.3,8.3,29.0
801–1000,Baylor UniversityUnited States,21.5–28.6,42.9,33.1,50.7,14.4,16.7
801–1000,Beijing University of Chemical TechnologyChinaExplore,21.5–28.6,44.6,62.4,21.9,11.2,12.5
801–1000,BINUS UniversityIndonesia,21.5–28.6,38.0,44.2,25.5,12.8,15.8
801–1000,BRAC UniversityBangladesh,21.5–28.6,49.0,18.5,27.2,7.5,9.6
801–1000,Changzhou UniversityChina,21.5–28.6,48.8,49.5,27.2,8.9,11.8
801–1000,Chaoyang University of TechnologyTaiwan,21.5–28.6,54.3,38.7,37.4,13.6,10.9
801–1000,Charles Sturt UniversityAustralia,21.5–28.6,46.7,38.8,79.4,9.8,13.9
801–1000,Chiang Mai UniversityThailand,21.5–28.6,34.8,48.3,36.1,14.3,16.5
801–1000,Chonnam National UniversitySouth KoreaExplore,21.5–28.6,36.8,49.0,32.2,21.6,19.2
801–1000,Christ UniversityIndia,21.5–28.6,61.4,20.0,22.2,10.0,12.4
801–1000,Chung Yuan Christian UniversityTaiwan,21.5–28.6,42.9,47.4,37.8,18.4,11.2
801–1000,Cochin University of Science and TechnologyIndia,21.5–28.6,33.3,34.6,23.9,17.6,18.5
801–1000,Comenius University in BratislavaSlovakia,21.5–28.6,43.7,25.2,47.9,14.2,16.6
801–1000,Durban University of TechnologySouth Africa,21.5–28.6,47.9,18.4,50.5,9.1,11.6
801–1000,Ege UniversityTurkey,21.5–28.6,40.6,35.0,36.1,12.2,12.9
801–1000,Eötvös Loránd UniversityHungaryExplore,21.5–28.6,32.6,33.6,53.9,15.2,20.0
801–1000,Escuela Superior Politécnica del LitoralEcuador,21.5–28.6,50.8,25.2,50.2,8.9,16.3
801–1000,Federal University of Espírito SantoBrazil,21.5–28.6,35.4,42.2,37.7,9.7,18.4
801–1000,Universidade Federal de PernambucoBrazil,21.5–28.6,34.1,57.3,30.0,14.0,26.5
801–1000,Federal University of Rio Grande do Norte (UFRN)Brazil,21.5–28.6,27.0,39.4,39.9,10.3,18.8
801–1000,Federal University of São CarlosBrazil,21.5–28.6,32.6,38.5,29.8,13.2,26.3
801–1000,Federico Santa María Technical UniversityChile,21.5–28.6,37.7,33.4,48.3,8.7,8.4
801–1000,Feng Chia UniversityTaiwan,21.5–28.6,32.3,55.9,39.8,12.9,10.4
801–1000,Ferhat Abbas Sétif University 1Algeria,21.5–28.6,41.5,19.0,38.5,6.9,13.5
801–1000,Financial University under the Government of the Russian FederationRussian Federation,21.5–28.6,32.4,28.3,33.0,10.2,19.3
801–1000,Fluminense Federal UniversityBrazil,21.5–28.6,45.8,34.5,31.8,12.1,12.2
801–1000,Gazi UniversityTurkey,21.5–28.6,56.1,25.9,25.5,9.3,15.6
801–1000,Gdańsk University of TechnologyPoland,21.5–28.6,40.9,50.4,40.2,14.3,15.0
801–1000,Gebze Technical UniversityTurkey,21.5–28.6,38.2,38.6,28.3,16.5,15.1
801–1000,Georgia Southern UniversityUnited States,21.5–28.6,59.4,26.6,51.9,10.3,8.3
801–1000,GLA UniversityIndia,21.5–28.6,63.9,19.1,22.8,7.4,11.0
801–1000,Gyeongsang National UniversitySouth Korea,21.5–28.6,33.1,42.9,29.8,16.8,13.4
801–1000,Helwan UniversityEgypt,21.5–28.6,60.5,23.2,46.5,8.1,14.7
801–1000,Hindustan Institute of Technology and ScienceIndia,21.5–28.6,61.6,25.9,20.2,10.3,12.7
801–1000,Hongik UniversitySouth Korea,21.5–28.6,32.0,51.2,22.6,18.8,12.5
801–1000,Ibn Tofaïl UniversityMorocco,21.5–28.6,41.8,22.5,25.8,11.8,20.9
801–1000,Incheon National UniversitySouth Korea,21.5–28.6,43.2,41.1,36.9,13.2,11.5
801–1000,Indian Institute of Technology GuwahatiIndia,21.5–28.6,40.1,47.4,28.8,17.8,22.5
801–1000,Instituto Politécnico de Viana do CasteloPortugal,21.5–28.6,54.8,15.0,33.6,9.8,16.4
801–1000,Institut Teknologi Sepuluh NopemberIndonesia,21.5–28.6,33.1,23.9,43.4,9.6,19.5
801–1000,International Hellenic UniversityGreece,21.5–28.6,56.0,25.5,30.1,8.6,10.7
801–1000,ISCTE-University Institute of LisbonPortugal,21.5–28.6,46.2,40.9,34.0,15.7,12.8
801–1000,Istanbul University-CerrahpaşaTurkey,21.5–28.6,53.5,19.6,27.8,15.3,14.6
801–1000,Jagiellonian UniversityPoland,21.5–28.6,42.3,35.4,37.8,14.9,18.2
801–1000,Jaume I UniversitySpain,21.5–28.6,38.7,45.6,42.2,11.0,16.8
801–1000,Kanazawa UniversityJapan,21.5–28.6,36.9,51.0,46.1,13.9,16.9
801–1000,Kangwon National UniversitySouth KoreaExplore,21.5–28.6,35.4,58.7,23.0,18.9,15.6
801–1000,Karadeniz Technical UniversityTurkey,21.5–28.6,49.1,32.3,23.8,8.3,12.8
801–1000,Karpagam Academy of Higher EducationIndia,21.5–28.6,50.0,17.9,20.5,7.6,11.4
801–1000,Kaunas University of TechnologyLithuaniaExplore,21.5–28.6,57.3,32.6,33.8,10.0,12.9
801–1000,Kharkiv Aviation InstituteUkraine,21.5–28.6,44.1,17.2,22.0,9.7,13.9
801–1000,King Mongkut’s Institute of Technology LadkrabangThailand,21.5–28.6,27.9,65.1,23.9,16.5,14.7
801–1000,Kookmin UniversitySouth Korea,21.5–28.6,39.8,49.3,27.0,22.3,14.6
801–1000,Kuwait UniversityKuwaitExplore,21.5–28.6,27.6,33.3,59.6,8.1,16.5
801–1000,Lobachevsky State University of Nizhni NovgorodRussian Federation,21.5–28.6,19.7,53.2,35.5,14.5,26.6
801–1000,Lodz University of TechnologyPoland,21.5–28.6,30.9,41.5,34.1,10.7,14.7
801–1000,Lviv Polytechnic National UniversityUkraine,21.5–28.6,47.4,20.1,25.8,10.2,13.3
801–1000,Manav Rachna International Institute of Research and StudiesIndia,21.5–28.6,57.0,17.7,20.6,7.3,16.3
801–1000,Manipal Academy of Higher EducationIndia,21.5–28.6,45.5,42.9,40.2,11.2,14.3
801–1000,Manipal University JaipurIndia,21.5–28.6,52.1,22.9,30.2,9.5,15.4
801–1000,Mapúa UniversityPhilippinesExplore,21.5–28.6,45.5,22.9,23.0,18.1,9.0
801–1000,Marmara UniversityTurkey,21.5–28.6,47.9,29.8,28.6,9.2,11.6
801–1000,"Mehran University of Engineering and Technology, Jamshoro, PakistanPakistan",21.5–28.6,48.9,19.8,48.9,8.6,11.0
801–1000,Middle Technical UniversityIraq,21.5–28.6,58.7,23.2,28.9,6.4,11.9
801–1000,Mohammed V University of RabatMorocco,21.5–28.6,43.5,42.9,27.7,11.5,24.3
801–1000,Moscow Power Engineering InstituteRussian Federation,21.5–28.6,34.8,55.5,40.0,22.5,17.9
801–1000,Nagoya Institute of TechnologyJapan,21.5–28.6,25.7,66.5,33.2,14.0,17.1
801–1000,Najran UniversitySaudi Arabia,21.5–28.6,54.4,17.6,74.6,7.1,8.5
801–1000,Nanjing Forestry UniversityChina,21.5–28.6,64.4,28.6,26.7,9.8,10.3
801–1000,Nanjing Normal UniversityChina,21.5–28.6,46.1,54.9,28.1,13.1,14.4
801–1000,National Autonomous University of MexicoMexico,21.5–28.6,20.5,48.4,54.9,17.5,25.4
801–1000,"State University ""Kyiv Aviation Institute""Ukraine",21.5–28.6,44.4,18.3,24.9,7.8,14.6
801–1000,National Chengchi UniversityTaiwan,21.5–28.6,39.7,49.3,30.1,21.3,17.0
801–1000,National Chung Cheng UniversityTaiwan,21.5–28.6,34.6,78.9,27.0,21.0,14.7
801–1000,National Chung Hsing UniversityTaiwan,21.5–28.6,37.5,64.4,26.1,20.4,17.3
801–1000,National Institute of Technology DelhiIndia,21.5–28.6,40.6,21.0,34.6,12.2,26.1
801–1000,National University of Distance Education (UNED)Spain,21.5–28.6,51.7,29.7,29.2,9.1,14.0
801–1000,Nile UniversityEgypt,21.5–28.6,46.7,44.5,28.2,10.9,12.9
801–1000,Northeast Agricultural UniversityChina,21.5–28.6,60.4,25.7,19.3,11.0,8.4
801–1000,Northeast Normal UniversityChina,21.5–28.6,48.8,38.1,30.7,14.7,7.6
801–1000,North-West UniversitySouth Africa,21.5–28.6,52.0,22.5,47.3,9.9,14.3
801–1000,Northwest University (China)China,21.5–28.6,37.2,37.5,27.9,9.8,11.8
801–1000,Osaka Metropolitan UniversityJapan,21.5–28.6,22.3,70.4,31.4,13.5,21.5
801–1000,Palacký University OlomoucCzechia,21.5–28.6,34.7,38.9,50.0,22.2,14.0
801–1000,Plekhanov Russian University of EconomicsRussian Federation,21.5–28.6,38.9,19.1,34.9,7.5,17.6
801–1000,Pondicherry UniversityIndia,21.5–28.6,44.9,40.5,18.7,15.3,21.9
801–1000,Pontifical Catholic University of Rio Grande do Sul (PUCRS)Brazil,21.5–28.6,29.6,69.9,36.3,16.2,22.4
801–1000,Pontifical Catholic University of ValparaísoChile,21.5–28.6,44.2,25.3,51.1,13.5,10.3
801–1000,Pontifícia Universidade Católica do ParanáBrazil,21.5–28.6,48.0,42.4,29.2,9.1,16.8
801–1000,Portland State UniversityUnited States,21.5–28.6,27.8,64.9,47.3,12.8,15.5
801–1000,Poznan University of TechnologyPoland,21.5–28.6,35.1,47.8,33.0,13.5,17.9
801–1000,Prince of Songkla UniversityThailand,21.5–28.6,36.7,37.2,30.4,13.3,17.4
801–1000,PSG College of TechnologyIndia,21.5–28.6,49.7,30.1,19.3,16.9,18.3
801–1000,Pukyong National UniversitySouth Korea,21.5–28.6,31.9,39.3,27.0,11.0,21.0
801–1000,Rajshahi University of Engineering and TechnologyBangladesh,21.5–28.6,55.9,21.2,26.4,10.0,9.2
801–1000,Reykjavík UniversityIceland,21.5–28.6,31.5,32.0,64.2,15.0,12.7
801–1000,Riga Technical UniversityLatvia,21.5–28.6,35.6,28.4,41.0,10.9,13.5
801–1000,RUDN UniversityRussian Federation,21.5–28.6,39.4,30.7,59.1,17.3,18.8
801–1000,Sathyabama Institute of Science and TechnologyIndiaExplore,21.5–28.6,54.7,22.5,23.4,8.2,19.8
801–1000,Saudi Electronic UniversitySaudi Arabia,21.5–28.6,53.1,17.3,68.4,7.0,8.4
801–1000,Shibaura Institute of TechnologyJapan,21.5–28.6,25.5,52.4,38.4,16.8,18.1
801–1000,Sidi Mohamed Ben Abdellah UniversityMorocco,21.5–28.6,55.3,24.2,23.7,12.6,21.4
801–1000,Slovak University of Technology in BratislavaSlovakia,21.5–28.6,33.3,32.7,38.4,9.5,16.3
801–1000,Soongsil UniversitySouth Korea,21.5–28.6,31.2,60.4,23.3,18.2,14.8
801–1000,South China Normal UniversityChina,21.5–28.6,42.0,46.5,29.6,13.4,12.8
801–1000,St Petersburg Electrotechnical University (LETI)Russian Federation,21.5–28.6,32.6,31.9,38.1,13.7,18.2
801–1000,Technical University of CartagenaSpain,21.5–28.6,40.4,39.7,40.7,10.0,20.8
801–1000,Technical University of Cluj-NapocaRomania,21.5–28.6,40.5,47.8,25.8,12.8,13.4
801–1000,Technological University DublinIreland,21.5–28.6,44.4,28.2,55.0,8.9,13.2
801–1000,Telkom UniversityIndonesia,21.5–28.6,47.8,34.0,41.5,12.4,16.0
801–1000,Texas State UniversityUnited States,21.5–28.6,37.9,33.3,59.2,9.7,15.6
801–1000,The University of Electro-CommunicationsJapan,21.5–28.6,34.1,67.5,35.3,16.9,21.5
801–1000,Tokyo Metropolitan UniversityJapanExplore,21.5–28.6,29.8,57.8,35.2,16.0,19.2
801–1000,Tokyo University of ScienceJapan,21.5–28.6,25.1,58.4,25.8,14.6,17.5
801–1000,Tomsk State UniversityRussian Federation,21.5–28.6,20.9,49.3,62.6,19.6,29.2
801–1000,Toyohashi University of Technology (TUT)Japan,21.5–28.6,19.9,61.6,36.8,14.7,22.0
801–1000,Tulane UniversityUnited States,21.5–28.6,45.1,32.6,57.2,12.2,17.6
801–1000,Universidad Andrés Bello (UNAB)Chile,21.5–28.6,37.9,20.9,56.1,10.4,8.6
801–1000,Universidade Federal de Santa CatarinaBrazil,21.5–28.6,36.3,40.6,38.0,13.7,17.5
801–1000,Universidade Federal de São Paulo (UNIFESP)Brazil,21.5–28.6,30.2,28.4,35.1,11.2,25.6
801–1000,Universidade Federal do Ceará (UFC)Brazil,21.5–28.6,39.8,59.7,38.3,14.7,13.9
801–1000,Universidade Federal do Paraná (UFPR)Brazil,21.5–28.6,31.0,43.8,35.5,12.3,23.2
801–1000,Universitas AirlanggaIndonesiaExplore,21.5–28.6,29.9,17.9,60.3,10.0,18.1
801–1000,Universitas PadjadjaranIndonesiaExplore,21.5–28.6,27.6,50.5,32.4,14.1,14.1
801–1000,Université Chouaïb DoukkaliMorocco,21.5–28.6,45.8,21.2,21.9,9.9,19.0
801–1000,Université de GabèsTunisia,21.5–28.6,39.4,20.5,37.9,9.7,16.2
801–1000,Université de PoitiersFrance,21.5–28.6,20.6,26.9,66.8,15.0,17.9
801–1000,Université d’OrléansFrance,21.5–28.6,25.4,32.6,67.1,11.2,15.7
801–1000,Université Hassan 1erMorocco,21.5–28.6,46.8,21.8,25.1,14.4,21.6
801–1000,Université Sultan Moulay SlimaneMorocco,21.5–28.6,40.6,18.4,21.9,9.3,17.6
801–1000,Universiti Malaysia Sarawak (UNIMAS)Malaysia,21.5–28.6,21.2,55.7,55.2,13.2,19.9
801–1000,Universiti Malaysia Terengganu (UMT)Malaysia,21.5–28.6,43.1,19.6,50.4,11.7,12.1
801–1000,Universiti Teknikal Malaysia MelakaMalaysia,21.5–28.6,36.8,26.3,48.6,10.0,17.4
801–1000,Universiti Tunku Abdul Rahman (UTAR)Malaysia,21.5–28.6,50.9,29.5,42.2,11.2,11.1
801–1000,University of A CoruñaSpain,21.5–28.6,39.3,49.3,36.3,11.2,19.8
801–1000,University of AlicanteSpain,21.5–28.6,34.8,38.7,41.3,11.9,22.2
801–1000,University of AlmeríaSpain,21.5–28.6,38.6,28.0,39.7,10.5,14.4
801–1000,University of AntioquiaColombia,21.5–28.6,26.8,50.5,46.9,17.0,13.9
801–1000,University of BrasíliaBrazil,21.5–28.6,29.1,42.8,35.6,11.2,18.9
801–1000,University of BucharestRomania,21.5–28.6,50.1,35.0,26.2,16.3,12.3
801–1000,University of CadizSpain,21.5–28.6,34.5,24.1,36.4,12.5,14.8
801–1000,University of CarthageTunisia,21.5–28.6,41.7,35.2,39.9,9.2,19.2
801–1000,University of Castilla-La ManchaSpain,21.5–28.6,38.3,40.9,41.8,11.9,20.3
801–1000,University of Clermont AuvergneFrance,21.5–28.6,28.9,66.7,72.2,10.3,18.2
801–1000,University of DebrecenHungaryExplore,21.5–28.6,30.5,29.7,63.1,17.4,19.1
801–1000,University of DiyalaIraq,21.5–28.6,41.6,18.5,34.1,7.0,15.2
801–1000,University of Franche-ComtéFrance,21.5–28.6,35.8,53.1,78.4,9.5,15.8
801–1000,University of GdańskPoland,21.5–28.6,33.9,20.3,35.7,13.7,15.4
801–1000,University of GironaSpain,21.5–28.6,40.0,64.3,58.2,10.1,15.3
801–1000,University of HaifaIsrael,21.5–28.6,41.8,48.1,39.2,20.3,15.6
801–1000,University of InsubriaItaly,21.5–28.6,41.4,55.2,39.0,10.3,17.7
801–1000,University of JeddahSaudi ArabiaExplore,21.5–28.6,49.7,20.3,70.6,7.6,12.3
801–1000,University of KielGermany,21.5–28.6,43.3,47.2,44.8,16.2,16.0
801–1000,University of la CostaColombia,21.5–28.6,43.4,17.9,51.0,10.1,13.1
801–1000,University of LahorePakistan,21.5–28.6,51.9,19.0,52.2,7.3,12.0
801–1000,University of La LagunaSpain,21.5–28.6,29.8,31.3,36.4,9.9,18.6
801–1000,University of La RochelleFrance,21.5–28.6,40.5,30.5,60.8,9.0,20.3
801–1000,University of Las Palmas de Gran CanariaSpain,21.5–28.6,24.2,31.3,49.9,9.0,21.4
801–1000,University of LatviaLatvia,21.5–28.6,30.7,61.8,35.2,17.5,11.0
801–1000,University of LeónSpain,21.5–28.6,44.3,35.7,28.6,10.7,20.6
801–1000,University of MacedoniaGreece,21.5–28.6,55.8,25.9,25.8,9.5,16.1
801–1000,University of MaltaMalta,21.5–28.6,38.0,38.8,49.9,10.9,21.2
801–1000,University of ManoubaTunisia,21.5–28.6,38.9,23.1,40.9,9.4,22.2
801–1000,University of MariborSlovenia,21.5–28.6,35.6,47.1,36.9,12.2,14.6
801–1000,University Cadi Ayyad of MarrakechMorocco,21.5–28.6,39.1,22.4,29.9,10.3,23.4
801–1000,University of MonastirTunisia,21.5–28.6,43.3,21.9,45.6,8.1,17.0
801–1000,University of MoratuwaSri Lanka,21.5–28.6,52.1,45.1,25.0,16.3,9.6
801–1000,University of Nebraska OmahaUnited States,21.5–28.6,36.1,29.8,53.2,11.5,13.1
801–1000,"University of Nevada, Las VegasUnited States",21.5–28.6,48.8,44.2,49.2,15.9,11.1
801–1000,University of Novi SadSerbia,21.5–28.6,35.9,45.7,34.0,12.4,13.0
801–1000,University of OviedoSpain,21.5–28.6,42.6,33.4,38.2,11.5,20.5
801–1000,University of RajshahiBangladesh,21.5–28.6,50.1,24.7,28.5,9.1,14.5
801–1000,University of RijekaCroatia,21.5–28.6,41.3,36.9,26.9,15.2,10.3
801–1000,University of SousseTunisia,21.5–28.6,43.8,24.2,38.8,10.1,21.2
801–1000,University of SzegedHungary,21.5–28.6,30.5,67.7,40.0,19.8,15.2
801–1000,University of TalcaChile,21.5–28.6,43.6,33.6,67.2,14.9,11.8
801–1000,"University of Technology, IraqIraq",21.5–28.6,48.0,23.1,25.2,11.6,19.0
801–1000,"University of the Andes, ColombiaColombia",21.5–28.6,39.8,52.1,48.6,9.5,13.5
801–1000,University of ThessalyGreece,21.5–28.6,38.6,39.2,32.5,10.6,9.7
801–1000,University of TunisTunisia,21.5–28.6,28.4,28.4,35.2,11.4,27.2
801–1000,University of ValladolidSpain,21.5–28.6,47.0,53.1,40.9,11.5,14.6
801–1000,University of VigoSpain,21.5–28.6,40.9,59.4,44.4,13.4,14.8
801–1000,University of West AtticaGreece,21.5–28.6,63.3,30.6,22.5,10.8,8.4
801–1000,University of WrocławPoland,21.5–28.6,27.5,36.7,53.2,14.8,15.7
801–1000,University of ZagrebCroatia,21.5–28.6,49.2,56.1,26.4,11.7,18.5
801–1000,University of ŽilinaSlovakia,21.5–28.6,42.3,27.7,27.9,11.0,14.1
801–1000,University Rey Juan CarlosSpain,21.5–28.6,36.9,46.9,36.3,10.7,16.4
801–1000,Vilnius Gediminas Technical University (Vilnius Tech)Lithuania,21.5–28.6,48.3,26.5,39.5,13.1,12.2
801–1000,Wrocław University of Science and TechnologyPoland,21.5–28.6,37.9,46.9,31.8,16.2,18.0
801–1000,Xiangtan UniversityChina,21.5–28.6,41.2,33.3,23.8,9.5,13.3
801–1000,Yanshan UniversityChina,21.5–28.6,42.0,43.7,20.6,9.7,11.1
801–1000,Yokohama National UniversityJapan,21.5–28.6,33.1,82.3,26.2,20.1,15.1
801–1000,Zhejiang Sci-Tech UniversityChina,21.5–28.6,40.0,54.0,25.7,14.6,14.5
801–1000,Zhejiang University of Finance and EconomicsChina,21.5–28.6,60.2,32.5,22.3,9.1,11.1
1001+,Acharya Nagarjuna UniversityIndia,11.4–21.4,20.6,21.9,25.0,7.4,26.9
1001+,Alexandru Ioan Cuza UniversityRomania,11.4–21.4,28.1,26.2,22.2,10.2,10.6
1001+,Al-Farabi Kazakh National UniversityKazakhstan,11.4–21.4,16.0,17.9,65.0,7.5,19.5
1001+,Ariel UniversityIsrael,11.4–21.4,25.2,29.0,27.7,11.0,12.1
1001+,Autonomous University of Baja CaliforniaMexico,11.4–21.4,25.9,24.2,24.8,11.5,12.2
1001+,Belarusian State UniversityBelarus,11.4–21.4,10.5,33.2,43.9,13.7,23.5
1001+,Benemérita Universidad Autónoma de PueblaMexico,11.4–21.4,7.9,19.4,28.9,7.7,13.8
1001+,Bialystok University of TechnologyPoland,11.4–21.4,20.4,23.8,24.8,9.3,14.3
1001+,Chuo UniversityJapan,11.4–21.4,16.9,49.7,26.8,12.1,11.7
1001+,Communication University of ChinaChina,11.4–21.4,27.1,53.0,20.2,13.9,14.9
1001+,Cracow University of TechnologyPoland,11.4–21.4,37.2,26.8,37.0,8.9,13.2
1001+,Dankook UniversitySouth Korea,11.4–21.4,29.2,46.5,26.2,15.6,11.3
1001+,De La Salle UniversityPhilippinesExplore,11.4–21.4,35.1,21.8,26.2,10.3,17.4
1001+,Dokuz Eylül UniversityTurkey,11.4–21.4,33.3,27.0,31.5,9.3,16.5
1001+,Don State Technical UniversityRussian Federation,11.4–21.4,26.6,19.8,27.1,7.9,16.2
1001+,Doshisha UniversityJapan,11.4–21.4,15.5,48.7,28.1,12.3,15.5
1001+,Federal Rural University of PernambucoBrazil,11.4–21.4,32.9,26.5,35.9,7.5,13.9
1001+,Federal University of GoiásBrazil,11.4–21.4,22.0,21.6,32.3,7.9,10.5
1001+,Federal University of ParáBrazil,11.4–21.4,29.7,33.8,28.1,9.1,13.3
1001+,Federal University of Santa MariaBrazil,11.4–21.4,27.3,25.1,26.2,8.6,12.0
1001+,Federal University of UberlândiaBrazil,11.4–21.4,24.1,41.3,29.2,9.9,15.5
1001+,Fujian Agriculture and Forestry UniversityChina,11.4–21.4,38.8,25.4,25.6,8.5,9.3
1001+,GITAM UniversityIndia,11.4–21.4,33.9,18.5,21.0,7.7,10.8
1001+,Ionian UniversityGreece,11.4–21.4,35.2,24.9,22.7,11.0,14.1
1001+,Jianghan UniversityChina,11.4–21.4,11.9,23.8,19.1,7.8,12.4
1001+,Jiangsu Normal UniversityChina,11.4–21.4,34.7,33.7,31.5,10.8,9.8
1001+,Kansai UniversityJapan,11.4–21.4,5.9,22.4,25.6,6.9,17.7
1001+,Kasetsart UniversityThailand,11.4–21.4,23.6,34.4,28.5,9.1,10.4
1001+,Kharkiv National University of Radio ElectronicsUkraine,11.4–21.4,33.4,18.6,26.1,9.0,19.3
1001+,Kocaeli UniversityTurkey,11.4–21.4,32.9,25.9,26.1,8.3,8.3
1001+,Kyoto Institute of TechnologyJapan,11.4–21.4,17.1,54.0,33.6,12.1,13.2
1001+,L.N. Gumilyov Eurasian National UniversityKazakhstan,11.4–21.4,25.8,17.2,43.8,9.6,12.5
1001+,Lublin University of TechnologyPoland,11.4–21.4,31.4,18.7,49.1,13.4,7.8
1001+,Meiji UniversityJapan,11.4–21.4,19.6,32.7,22.3,11.7,15.0
1001+,Metropolitan Autonomous UniversityMexico,11.4–21.4,16.1,26.9,27.2,14.6,10.4
1001+,MIREA - Russian Technological UniversityRussian Federation,11.4–21.4,10.2,19.7,21.0,7.9,12.3
1001+,Moscow Aviation InstituteRussian Federation,11.4–21.4,22.0,27.0,28.0,11.4,24.3
1001+,Mustansiriyah UniversityIraq,11.4–21.4,15.0,20.0,37.6,7.5,19.0
1001+,Nanjing Tech UniversityChina,11.4–21.4,29.2,37.9,26.7,8.9,12.6
1001+,National Chin-Yi University of TechnologyTaiwan,11.4–21.4,19.8,42.0,23.0,17.4,10.5
1001+,National Formosa UniversityTaiwan,11.4–21.4,11.9,49.2,18.8,9.1,11.5
1001+,National Kaohsiung University of Science and TechnologyTaiwan,11.4–21.4,30.9,59.7,26.2,11.6,10.1
1001+,National Research University of Electronic Technology (MIET)Russian Federation,11.4–21.4,15.5,47.1,25.4,13.5,21.1
1001+,National Taiwan Ocean UniversityTaiwan,11.4–21.4,26.7,42.7,26.8,16.0,10.8
1001+,National Technical University Kharkiv Polytechnic InstituteUkraine,11.4–21.4,23.0,18.0,26.2,8.8,16.7
1001+,National Technical University of Ukraine – Igor Sikorsky Kyiv Polytechnic InstituteUkraine,11.4–21.4,24.3,22.9,23.4,10.5,16.0
1001+,National University of ColombiaColombia,11.4–21.4,23.2,42.4,37.0,9.5,18.5
1001+,National University of La PlataArgentina,11.4–21.4,9.2,22.2,61.3,8.1,21.6
1001+,National University of Life and Environmental Sciences of UkraineUkraine,11.4–21.4,40.6,17.4,25.3,7.4,11.7
1001+,National University of Science and Technology (MISiS)Russian Federation,11.4–21.4,35.3,21.2,32.2,9.2,16.8
1001+,North-Caucasus Federal UniversityRussian Federation,11.4–21.4,28.0,20.1,29.3,7.5,22.9
1001+,Novosibirsk State Technical UniversityRussian Federation,11.4–21.4,10.9,19.2,29.9,8.2,12.9
1001+,Novosibirsk State UniversityRussian Federation,11.4–21.4,15.2,22.8,27.3,18.3,28.3
1001+,Polytechnic University of TimişoaraRomania,11.4–21.4,38.5,36.0,25.5,8.5,11.2
1001+,Pontifical Catholic University of PeruPeru,11.4–21.4,20.8,20.1,36.2,6.9,16.7
1001+,Pontificia Universidad JaverianaColombia,11.4–21.4,19.6,32.6,42.6,10.0,14.3
1001+,R V College of EngineeringIndiaExplore,11.4–21.4,23.4,29.3,18.0,8.5,16.1
1001+,Rzeszów University of TechnologyPoland,11.4–21.4,19.4,24.0,25.0,7.7,14.7
1001+,Saints Cyril and Methodius University in SkopjeNorth Macedonia,11.4–21.4,31.5,32.0,31.2,9.4,8.9
1001+,Samara National Research University (Samara University)Russian Federation,11.4–21.4,20.6,27.6,33.9,11.4,23.6
1001+,Shanghai Normal UniversityChina,11.4–21.4,30.5,38.9,24.8,9.0,10.3
1001+,Shizuoka UniversityJapan,11.4–21.4,20.6,55.0,31.2,12.4,14.0
1001+,Sichuan University of Science and EngineeringChina,11.4–21.4,17.0,42.4,20.7,9.5,8.7
1001+,Sofia UniversityBulgaria,11.4–21.4,29.0,18.5,26.4,10.4,19.7
1001+,Southern Federal UniversityRussian Federation,11.4–21.4,20.9,21.6,32.6,11.6,18.4
1001+,Southwest Petroleum UniversityChina,11.4–21.4,32.2,48.3,22.8,9.2,8.6
1001+,Sri Lanka Institute of Information TechnologySri Lanka,11.4–21.4,17.5,21.6,18.3,8.1,8.7
1001+,State University of MalangIndonesia,11.4–21.4,33.7,18.0,41.5,13.0,10.2
1001+,Tamkang UniversityTaiwan,11.4–21.4,28.4,45.1,35.7,9.3,10.5
1001+,Taras Shevchenko National University of KyivUkraine,11.4–21.4,25.8,18.3,22.0,9.8,16.9
1001+,Tashkent University of Information TechnologiesUzbekistan,11.4–21.4,22.3,18.0,21.6,10.2,15.4
1001+,Technical University of SofiaBulgaria,11.4–21.4,27.7,29.2,25.7,14.2,14.4
1001+,Thammasat UniversityThailand,11.4–21.4,27.1,41.8,31.8,14.2,11.8
1001+,Tokai UniversityJapan,11.4–21.4,16.4,31.7,30.5,9.0,10.5
1001+,Transilvania University of BrașovRomania,11.4–21.4,37.9,27.1,29.3,8.4,13.2
1001+,Universidad de las Fuerzas Armadas – ESPEEcuador,11.4–21.4,17.8,18.9,31.0,7.7,11.4
1001+,Universidade do Estado do Rio de Janeiro (UERJ)Brazil,11.4–21.4,18.0,34.6,37.1,11.5,23.9
1001+,Universidade Federal da BahiaBrazil,11.4–21.4,18.9,24.8,31.0,9.7,19.0
1001+,Universidade Federal de Juiz de ForaBrazil,11.4–21.4,21.0,25.7,24.9,12.1,19.1
1001+,Universidade Federal do ABC (UFABC)Brazil,11.4–21.4,25.9,28.8,34.4,11.9,15.4
1001+,Universidade LusófonaPortugal,11.4–21.4,30.1,19.8,54.6,7.5,15.9
1001+,Universidade Tecnológica Federal do Paraná (UTFPR)Brazil,11.4–21.4,34.9,34.0,31.6,9.6,11.7
1001+,Universidad Peruana de Ciencias Aplicadas (UPC)Peru,11.4–21.4,16.2,17.1,23.1,7.8,9.3
1001+,Universidad Politécnica SalesianaEcuador,11.4–21.4,26.5,20.9,32.5,10.0,11.2
1001+,Universidad Técnica Particular de LojaEcuador,11.4–21.4,9.8,17.6,28.2,7.0,11.0
1001+,Universitas Sebelas MaretIndonesia,11.4–21.4,20.4,39.0,43.4,13.4,14.1
1001+,Universitas Sumatera UtaraIndonesia,11.4–21.4,20.6,21.8,46.6,8.0,11.6
1001+,Université Mohammed PremierMorocco,11.4–21.4,37.2,21.2,24.2,7.4,15.2
1001+,Universiti Kuala LumpurMalaysia,11.4–21.4,26.9,27.7,47.9,8.0,18.9
1001+,Universiti Teknologi MARAMalaysia,11.4–21.4,31.2,31.0,24.8,10.7,14.6
1001+,University of Abou Bekr Belkaïd TlemcenAlgeria,11.4–21.4,23.6,20.2,31.5,9.0,15.0
1001+,University of BabylonIraq,11.4–21.4,34.6,18.0,19.5,7.3,18.8
1001+,University of BaghdadIraq,11.4–21.4,26.9,33.2,23.7,11.5,16.4
1001+,University of BasrahIraq,11.4–21.4,31.6,17.9,31.6,7.7,10.4
1001+,University of BiskraAlgeria,11.4–21.4,33.4,19.1,43.2,9.3,14.3
1001+,University of BrawijayaIndonesia,11.4–21.4,15.7,23.4,30.2,8.5,12.5
1001+,University of ConcepciónChile,11.4–21.4,24.6,26.3,51.0,9.8,11.9
1001+,University of CraiovaRomania,11.4–21.4,31.2,25.7,27.2,10.7,10.9
1001+,University of GuadalajaraMexicoExplore,11.4–21.4,38.1,18.9,35.6,6.8,9.9
1001+,University of GuanajuatoMexico,11.4–21.4,20.0,29.4,29.7,8.0,15.2
1001+,University of IoanninaGreece,11.4–21.4,30.3,41.3,31.0,10.4,8.5
1001+,University of LodzPoland,11.4–21.4,26.8,19.7,48.6,8.6,9.5
1001+,University of MosulIraq,11.4–21.4,18.5,40.0,22.3,8.2,16.1
1001+,University of OstravaCzechia,11.4–21.4,23.8,18.7,41.1,11.3,17.6
1001+,"University of Santiago, Chile (USACH)Chile",11.4–21.4,21.0,22.8,42.2,9.4,13.3
1001+,University of SarajevoBosnia and Herzegovina,11.4–21.4,25.9,30.7,25.7,9.7,10.6
1001+,University of Savoie Mont BlancFrance,11.4–21.4,23.2,42.2,47.9,11.7,12.2
1001+,University of Sciences and Technology Houari BoumedieneAlgeria,11.4–21.4,24.3,34.1,32.4,12.2,12.5
1001+,University of Silesia in KatowicePoland,11.4–21.4,27.7,25.6,31.4,9.4,10.5
1001+,University of South AfricaSouth Africa,11.4–21.4,32.2,19.1,35.3,7.5,9.2
1001+,University of SplitCroatia,11.4–21.4,29.1,33.0,27.2,10.9,12.6
1001+,University of the Balearic IslandsSpain,11.4–21.4,28.3,32.0,41.0,8.1,19.8
1001+,University of the PhilippinesPhilippines,11.4–21.4,25.3,32.3,26.5,11.1,11.5
1001+,University of ToursFrance,11.4–21.4,17.9,27.0,66.6,8.3,13.6
1001+,University of Warmia and Mazury in OlsztynPoland,11.4–21.4,30.0,24.6,25.8,15.9,10.1
1001+,"Vietnam National University, HanoiVietnam",11.4–21.4,27.0,27.1,47.0,10.8,13.9
1001+,Vietnam National University (Ho Chi Minh City)Vietnam,11.4–21.4,34.5,28.5,30.9,10.0,11.3
1001+,Vilnius UniversityLithuania,11.4–21.4,24.1,26.7,40.5,11.6,13.6
1001+,V.N. Karazin Kharkiv National UniversityUkraine,11.4–21.4,19.5,27.1,23.5,10.0,21.0
1001+,Warsaw University of Life Sciences – SGGWPoland,11.4–21.4,35.6,19.2,31.8,10.3,11.1
1001+,Wuhan Textile UniversityChina,11.4–21.4,15.4,39.7,21.9,8.9,10.6
1001+,Yamaguchi UniversityJapan,11.4–21.4,21.3,36.0,31.4,8.4,15.9
